id,actorId,action,resourceType,resourceId,changes,createdAt
cmhsjifus0009s96ugfrgxkvn,default-user,todo.created,Todo,cmhsjietn0005s96uk4dbfyrk,,2025-11-10T02:45:35.813Z
cmhsjii2e000ds96uri5wa67g,default-user,todo.updated,Todo,cmhsjietn0005s96uk4dbfyrk,,2025-11-10T02:45:38.678Z
cmhsjplhh000hs96ud27wy8qq,default-user,todo.deleted,Todo,cmhryqb2f0001i2040txp4nab,,2025-11-10T02:51:09.702Z
cmht0wv0h0003l404mk03n6lz,default-user,todo.updated,Todo,cmhorl7ma000zjl04ie0n6jlx,,2025-11-10T10:52:42.113Z
cmht0x3jo0003ky04vfk4k5v3,default-user,todo.updated,Todo,cmhouyes80009l704j1zgbmjl,,2025-11-10T10:52:53.173Z
cmht0zmyz0009l4048v68c5ws,default-user,todo.created,Todo,cmht0zmp60005l404hhd4txnz,,2025-11-10T10:54:51.659Z
cmht0znmi0007ky04smc503g5,default-user,todo.updated,Todo,cmht0zmp60005l404hhd4txnz,,2025-11-10T10:54:52.507Z
cmht0zqho0003l104h704o8gb,default-user,todo.updated,Todo,cmht0zmp60005l404hhd4txnz,,2025-11-10T10:54:56.221Z
cmht0zshu000dl4041325mzy5,default-user,todo.updated,Todo,cmht0zmp60005l404hhd4txnz,,2025-11-10T10:54:58.818Z
cmht0zvyv0007l104xvdstbah,default-user,todo.updated,Todo,cmht0zmp60005l404hhd4txnz,,2025-11-10T10:55:03.319Z
cmht0zw5q000bl104zhbnvt7q,default-user,todo.updated,Todo,cmht0zmp60005l404hhd4txnz,,2025-11-10T10:55:03.566Z
cmht1bkpv0005jm04wygxjejm,default-user,todo.created,Todo,cmht1bke70001jm04d7lvlyw6,,2025-11-10T11:04:08.611Z
cmht1bleh000fl104nu6l6715,default-user,todo.updated,Todo,cmht1bke70001jm04d7lvlyw6,,2025-11-10T11:04:09.497Z
cmht3c3qs0005ju04z8s4u5ws,default-user,todo.created,Todo,cmht3c3h70001ju04x8ffec1j,,2025-11-10T12:00:32.501Z
cmht3c48p0009ju045ghuesws,default-user,todo.updated,Todo,cmht3c3h70001ju04x8ffec1j,,2025-11-10T12:00:33.145Z
cmht4qjsq0003ji045nx8fe8h,default-user,todo.updated,Todo,cmht1bke70001jm04d7lvlyw6,,2025-11-10T12:39:46.106Z
cmht4rer40009ji04hppjgkua,default-user,todo.created,Todo,cmht4regi0005ji04uogkn6mo,,2025-11-10T12:40:26.225Z
cmht4rfdu0003l804o3jwmts2,default-user,todo.updated,Todo,cmht4regi0005ji04uogkn6mo,,2025-11-10T12:40:27.042Z
cmht5fhc90005jm04dk7q9xjl,default-user,todo.created,Todo,cmht5fh1a0001jm04ariy823k,,2025-11-10T12:59:09.321Z
cmht5fi0c0003k004uucvsunl,default-user,todo.updated,Todo,cmht5fh1a0001jm04ariy823k,,2025-11-10T12:59:10.189Z
cmht5fpra0005k004dxv2zoz0,default-user,todo.created,Todo,cmht5fpgs0001k0042yudcoik,,2025-11-10T12:59:20.230Z
cmht5fqfd0009k0041jrufviv,default-user,todo.updated,Todo,cmht5fpgs0001k0042yudcoik,,2025-11-10T12:59:21.097Z
cmht5ksb4000bjm049bahiept,default-user,todo.created,Todo,cmht5krzx0007jm04z7882pv2,,2025-11-10T13:03:16.816Z
cmht5kswo000fjm04pcdho8ih,default-user,todo.updated,Todo,cmht5krzx0007jm04z7882pv2,,2025-11-10T13:03:17.592Z
cmht5lav2000dk004cpri38tq,default-user,todo.updated,Todo,cmht5krzx0007jm04z7882pv2,,2025-11-10T13:03:40.862Z
cmht5lco40007k004a1tqxwvg,default-user,todo.updated,Todo,cmhouyes80009l704j1zgbmjl,,2025-11-10T13:03:43.205Z
cmht6545x0003ky043o4kuhk4,default-user,event.updated,CalendarEvent,7c9f7639-e88a-4090-b9ef-54c055a2e715,,2025-11-10T13:19:05.301Z
cmht65asj0003l70453vwy3m2,default-user,event.updated,CalendarEvent,be472891-841a-4e24-9c1c-69fb1f21c53b,,2025-11-10T13:19:13.892Z
cmht66apd0007ky04pjwr3rfd,default-user,event.updated,CalendarEvent,dd119761-476e-4d30-aa1b-9fa1db4905c7,,2025-11-10T13:20:00.433Z
cmht66glt0003l9049y8rhbpt,default-user,event.updated,CalendarEvent,4a3d3f2e-b8fd-4cdb-be3a-dc0f85b8b178,,2025-11-10T13:20:08.082Z
cmht66h4l0007l904udhi37ch,default-user,event.updated,CalendarEvent,4a3d3f2e-b8fd-4cdb-be3a-dc0f85b8b178,,2025-11-10T13:20:08.758Z
cmht69p6s000bl9043q7phzl1,default-user,event.updated,CalendarEvent,3f4d1d9b-b05b-47ac-93f7-b8ab174c9e47,,2025-11-10T13:22:39.173Z
cmht6a8e3000bky04flck4bnl,default-user,event.updated,CalendarEvent,58d667b8-f2d7-4fcb-8f7f-0836be78577e,,2025-11-10T13:23:04.060Z
cmht6bnk6000fky04gbbei6m2,default-user,event.updated,CalendarEvent,8abf8bb7-e29e-4da0-acd9-7820616057a9,,2025-11-10T13:24:10.374Z
cmht6busq000jky044y4n6jz7,default-user,event.updated,CalendarEvent,4fc28168-1906-42e4-bca4-6b64dd6d13ef,,2025-11-10T13:24:19.754Z
cmht6d3pb000pky04hlf64qf8,default-user,todo.created,Todo,cmht6d3fr000lky048kyw2ykp,,2025-11-10T13:25:17.952Z
cmht6d49m000tky04o3xv4d8q,default-user,todo.updated,Todo,cmht6d3fr000lky048kyw2ykp,,2025-11-10T13:25:18.682Z
cmht6eeuc000jjm04hbslzc6e,default-user,event.updated,CalendarEvent,3f4d1d9b-b05b-47ac-93f7-b8ab174c9e47,,2025-11-10T13:26:19.045Z
cmht6kjgd000pjm04kw3hpgfn,default-user,todo.created,Todo,cmht6kj6d000ljm04v1ek59ua,,2025-11-10T13:31:04.957Z
cmht6kk3l000fl90442y4adgu,default-user,todo.updated,Todo,cmht6kj6d000ljm04v1ek59ua,,2025-11-10T13:31:05.793Z
cmht6m1f20009l704guqy0dkr,default-user,event.updated,CalendarEvent,c93d14c7-5762-437c-93df-3c41ef0c546b,,2025-11-10T13:32:14.894Z
cmht6m9jq000zky04r0dbgssb,default-user,todo.updated,Todo,cmht6d3fr000lky048kyw2ykp,,2025-11-10T13:32:25.431Z
cmht6oqrv0003ju04oemmhwb8,default-user,todo.updated,Todo,cmhsjietn0005s96uk4dbfyrk,,2025-11-10T13:34:21.067Z
cmht6oyxt0007ju04zfivblcc,default-user,todo.updated,Todo,cmhp3zrjq0001k1046d6r4vef,,2025-11-10T13:34:31.650Z
cmht7huc70003l604wpk1lfn9,default-user,event.updated,CalendarEvent,be472891-841a-4e24-9c1c-69fb1f21c53b,,2025-11-10T13:56:58.711Z
cmht7j6xn0003jr048k9wm50s,default-user,event.updated,CalendarEvent,dd119761-476e-4d30-aa1b-9fa1db4905c7,,2025-11-10T13:58:01.692Z
cmht7l0080007l6041pxcvf8f,default-user,event.updated,CalendarEvent,dd119761-476e-4d30-aa1b-9fa1db4905c7,,2025-11-10T13:59:26.024Z
cmht7o2w70003ic046jndlzuh,default-user,event.updated,CalendarEvent,58d667b8-f2d7-4fcb-8f7f-0836be78577e,,2025-11-10T14:01:49.736Z
cmht7rro70009ic04esza6pqr,default-user,todo.created,Todo,cmht7rrdq0005ic04uea1ttdl,,2025-11-10T14:04:41.816Z
cmht7rsb60003ld04tvpd4pxn,default-user,todo.updated,Todo,cmht7rrdq0005ic04uea1ttdl,,2025-11-10T14:04:42.642Z
cmht8xmji0005la04l5e7nt9c,default-user,todo.created,Todo,cmht8xm7u0001la04m6m0oy7k,,2025-11-10T14:37:14.718Z
cmht8xn9l000bl60444rbh3gm,default-user,todo.updated,Todo,cmht8xm7u0001la04m6m0oy7k,,2025-11-10T14:37:15.657Z
cmht8xtqh0003jo04e4szl1pd,default-user,todo.updated,Todo,cmht8xm7u0001la04m6m0oy7k,,2025-11-10T14:37:24.041Z
cmht8y2a40007jo044t5jkzm5,default-user,todo.updated,Todo,cmht3c3h70001ju04x8ffec1j,,2025-11-10T14:37:35.116Z
cmht8yn8q000djo04rtqnxv1h,default-user,todo.created,Todo,cmht8ymzm0009jo04bf2y70tt,,2025-11-10T14:38:02.283Z
cmht8ynut0009la04cojj65iq,default-user,todo.updated,Todo,cmht8ymzm0009jo04bf2y70tt,,2025-11-10T14:38:03.077Z
cmht906x2000jjo04jqnxgqxm,default-user,todo.created,Todo,cmht906ok000fjo04wz6vtduu,,2025-11-10T14:39:14.438Z
cmht907kk000dla04l9809az0,default-user,todo.updated,Todo,cmht906ok000fjo04wz6vtduu,,2025-11-10T14:39:15.284Z
cmht90ho5000fl604r80ifrr6,default-user,todo.updated,Todo,cmht906ok000fjo04wz6vtduu,,2025-11-10T14:39:28.374Z
cmht9g8jo0003la04yv5nl7ht,default-user,event.updated,CalendarEvent,08a63ee3-7fee-4c78-bed2-64fc85d88ff8,,2025-11-10T14:51:43.044Z
cmht9gayd0003jp04kyzbew7t,default-user,event.updated,CalendarEvent,79b49d2a-a9b7-405e-8e93-741e26307f6c,,2025-11-10T14:51:46.165Z
cmht9gejy0007jp04g9dxwrn0,default-user,event.updated,CalendarEvent,08a63ee3-7fee-4c78-bed2-64fc85d88ff8,,2025-11-10T14:51:50.830Z
cmht9hv4h0007la042ipce09a,default-user,event.updated,CalendarEvent,4e7cdac1-8680-4f8d-a72e-499db3fdafe8,,2025-11-10T14:52:58.961Z
cmht9iekn000bjp04ahgr77ao,default-user,event.updated,CalendarEvent,79b49d2a-a9b7-405e-8e93-741e26307f6c,,2025-11-10T14:53:24.168Z
cmht9lmjg000fjp0436c1gvvw,default-user,event.updated,CalendarEvent,dd119761-476e-4d30-aa1b-9fa1db4905c7,,2025-11-10T14:55:54.460Z
cmht9lo2b000jjp04i8yqfqzi,default-user,event.updated,CalendarEvent,35cf1144-01ef-461b-9207-e115c0c75645,,2025-11-10T14:55:56.435Z
cmht9ooat000njp04mtq0rjt6,default-user,event.updated,CalendarEvent,58d667b8-f2d7-4fcb-8f7f-0836be78577e,,2025-11-10T14:58:16.709Z
cmht9slpm000rjp04f6c1fqb1,default-user,event.updated,CalendarEvent,7c9f7639-e88a-4090-b9ef-54c055a2e715,,2025-11-10T15:01:19.978Z
cmht9sz52000vjp049x811wx2,default-user,event.updated,CalendarEvent,7c9f7639-e88a-4090-b9ef-54c055a2e715,,2025-11-10T15:01:37.383Z
cmht9t1yr000bla04nps7mx19,default-user,event.updated,CalendarEvent,7c9f7639-e88a-4090-b9ef-54c055a2e715,,2025-11-10T15:01:41.043Z
cmht9u1tf000zjp04urx2wmb0,default-user,event.updated,CalendarEvent,7c9f7639-e88a-4090-b9ef-54c055a2e715,,2025-11-10T15:02:27.507Z
cmht9u88a0013jp04dwzw3d4d,default-user,event.updated,CalendarEvent,7c9f7639-e88a-4090-b9ef-54c055a2e715,,2025-11-10T15:02:35.818Z
cmht9uaxe000fla043pi26po2,default-user,event.updated,CalendarEvent,7c9f7639-e88a-4090-b9ef-54c055a2e715,,2025-11-10T15:02:39.314Z
cmht9uoc90017jp044zpso4yt,default-user,event.updated,CalendarEvent,35cf1144-01ef-461b-9207-e115c0c75645,,2025-11-10T15:02:56.697Z
cmht9us1e000jla0465zxj6iv,default-user,event.updated,CalendarEvent,35cf1144-01ef-461b-9207-e115c0c75645,,2025-11-10T15:03:01.490Z
cmht9xo9o001bjp047e7aq4aa,default-user,event.updated,CalendarEvent,7c9f7639-e88a-4090-b9ef-54c055a2e715,,2025-11-10T15:05:16.572Z
cmht9yw6g000nla04mnqxth9t,default-user,event.updated,CalendarEvent,0681be1d-ba32-44fe-9bfe-955e9408d273,,2025-11-10T15:06:13.481Z
cmhta3ldq0003l50472xm08a4,default-user,event.updated,CalendarEvent,09fc5705-4c36-465a-8165-1d09df881bea,,2025-11-10T15:09:52.766Z
cmhta3wzk000tla04s10mrdng,default-user,event.updated,CalendarEvent,09fc5705-4c36-465a-8165-1d09df881bea,,2025-11-10T15:10:07.809Z
cmhta42rq0007l504e62szvg8,default-user,event.updated,CalendarEvent,09fc5705-4c36-465a-8165-1d09df881bea,,2025-11-10T15:10:15.302Z
cmhta4657000bl504l1ddwjqq,default-user,event.updated,CalendarEvent,09fc5705-4c36-465a-8165-1d09df881bea,,2025-11-10T15:10:19.675Z
cmhtak893000zla04544pivk9,default-user,todo.created,Todo,cmhtak7xi000vla04p49s4kz1,,2025-11-10T15:22:48.903Z
cmhtak8yk000fl504pofffuzp,default-user,todo.updated,Todo,cmhtak7xi000vla04p49s4kz1,,2025-11-10T15:22:49.821Z
cmhtav7vq000jl5049dj1uvk3,default-user,todo.updated,Todo,cmht5fh1a0001jm04ariy823k,,2025-11-10T15:31:21.638Z
cmhtb4x1v0015la04z29v49l9,default-user,todo.created,Todo,cmhtb4wqe0011la04c1v79mvf,,2025-11-10T15:38:54.164Z
cmhtb4xpv0019la04427d9gzd,default-user,todo.updated,Todo,cmhtb4wqe0011la04c1v79mvf,,2025-11-10T15:38:55.028Z
cmhtb51g40003l104v8x0b02m,default-user,todo.updated,Todo,cmhtb4wqe0011la04c1v79mvf,,2025-11-10T15:38:59.861Z
cmhtbdjoo000pl504g75m0j42,default-user,todo.created,Todo,cmhtbdjf8000ll504ltkdplbk,,2025-11-10T15:45:36.744Z
cmhtbdkfe0007l104erkpxmcf,default-user,todo.updated,Todo,cmhtbdjf8000ll504ltkdplbk,,2025-11-10T15:45:37.706Z
cmhtbe0ap000bl1041jm67wz0,default-user,todo.updated,Todo,cmhtbdjf8000ll504ltkdplbk,,2025-11-10T15:45:58.273Z
cmhtbe2fp001dla044cxlfihq,default-user,todo.updated,Todo,cmhtbdjf8000ll504ltkdplbk,,2025-11-10T15:46:01.045Z
cmhtbnc3e000vl504a1qeschm,default-user,todo.created,Todo,cmhtbnbt1000rl504nltde8hm,,2025-11-10T15:53:13.466Z
cmhtbncxz000zl5049cp89j85,default-user,todo.updated,Todo,cmhtbnbt1000rl504nltde8hm,,2025-11-10T15:53:14.567Z
cmhtbniym001fla04v4qfnf0s,default-user,todo.deleted,Todo,cmhtbnbt1000rl504nltde8hm,,2025-11-10T15:53:22.366Z
cmhtbnz65001lla04ybtbahlc,default-user,todo.created,Todo,cmhtbnyvp001hla04op7pr1oz,,2025-11-10T15:53:43.374Z
cmhtbnzp10013l504ry211sw8,default-user,todo.updated,Todo,cmhtbnyvp001hla04op7pr1oz,,2025-11-10T15:53:44.053Z
cmhtbr1uv0003lb04irw7rono,default-user,todo.updated,Todo,cmht5krzx0007jm04z7882pv2,,2025-11-10T15:56:06.824Z
cmhtbrcii0017l504qr6zguvb,default-user,todo.updated,Todo,cmhm0tswb0001js04r499t2kp,,2025-11-10T15:56:20.634Z
cmhtd4r6q0003jx04rk0qrliy,default-user,event.updated,CalendarEvent,4e7cdac1-8680-4f8d-a72e-499db3fdafe8,,2025-11-10T16:34:45.794Z
cmhtd4rzz0003la0458ej95q4,default-user,event.updated,CalendarEvent,08a63ee3-7fee-4c78-bed2-64fc85d88ff8,,2025-11-10T16:34:46.847Z
cmhteytek0005l704ptueiviq,default-user,todo.created,Todo,cmhteyt3h0001l70440fzua3r,,2025-11-10T17:26:07.964Z
cmhteyw1t0003jx04ox82fiwb,default-user,todo.updated,Todo,cmhteyt3h0001l70440fzua3r,,2025-11-10T17:26:11.393Z
cmhtf8tqi0009jx04jz8z07ey,default-user,todo.created,Todo,cmhtf8tg50005jx04b04l7riz,,2025-11-10T17:33:54.955Z
cmhtf8w150003l7045w8nawoi,default-user,todo.updated,Todo,cmhtf8tg50005jx04b04l7riz,,2025-11-10T17:33:57.929Z
cmhtgs3ji0003kz045k0z7hcf,default-user,event.updated,CalendarEvent,95133b22-594f-46ce-a261-ac81e71a30fe,,2025-11-10T18:16:53.743Z
cmhtheawp0003jo0448sc0avp,default-user,event.updated,CalendarEvent,cmek35hv30001ii04ipd83fyu,,2025-11-10T18:34:09.722Z
cmhthecqv0007kz04kcaf9s2m,default-user,event.updated,CalendarEvent,cmek35hv30001ii04ipd83fyu,,2025-11-10T18:34:12.103Z
cmhthejyc000bkz04w4t7jjqh,default-user,event.updated,CalendarEvent,cmek35hv30001ii04ipd83fyu,,2025-11-10T18:34:21.444Z
cmhthgm1l0007jo04eaw2t27s,default-user,event.updated,CalendarEvent,cmek35hv30001ii04ipd83fyu,,2025-11-10T18:35:57.466Z
cmhthkum3000fkz04vq61ecmv,default-user,todo.updated,Todo,cmht906ok000fjo04wz6vtduu,,2025-11-10T18:39:15.196Z
cmhthkxdg000bjo044eov3i9v,default-user,todo.updated,Todo,cmht7rrdq0005ic04uea1ttdl,,2025-11-10T18:39:18.772Z
cmhthoqgy000fjo04jl2gdx9u,default-user,todo.updated,Todo,cmht4regi0005ji04uogkn6mo,,2025-11-10T18:42:16.450Z
cmhthouv9000jjo04y3zy8fdt,default-user,todo.updated,Todo,cmht4regi0005ji04uogkn6mo,,2025-11-10T18:42:22.150Z
cmhtidl530005jv04fh65ukpt,default-user,todo.created,Todo,cmhtidktp0001jv04zmqt0ri5,,2025-11-10T19:01:35.944Z
cmhtidm460003jv0436mxru80,default-user,todo.updated,Todo,cmhtidktp0001jv04zmqt0ri5,,2025-11-10T19:01:37.206Z
cmhtidr89000njo04gwf8447n,default-user,todo.updated,Todo,cmhryr39t0001jp04rzov2x8c,,2025-11-10T19:01:43.833Z
cmhtie4cr0009jv04eoy5m7tt,default-user,todo.updated,Todo,cmht5fpgs0001k0042yudcoik,,2025-11-10T19:02:00.844Z
cmhul74mp0003jy04xrvixbcr,default-user,todo.updated,Todo,cmhtidktp0001jv04zmqt0ri5,,2025-11-11T13:08:19.633Z
cmhuleio30003jm04fgpcj4pm,default-user,event.updated,CalendarEvent,79b49d2a-a9b7-405e-8e93-741e26307f6c,,2025-11-11T13:14:04.419Z
cmhulf7d10007jm04uis2iene,default-user,event.updated,CalendarEvent,08a63ee3-7fee-4c78-bed2-64fc85d88ff8,,2025-11-11T13:14:36.421Z
cmhulj3nd000bjm04t9ghk8yk,default-user,event.updated,CalendarEvent,79b49d2a-a9b7-405e-8e93-741e26307f6c,,2025-11-11T13:17:38.234Z
cmhullqk10003l70479o6nhi4,default-user,event.updated,CalendarEvent,3f4d1d9b-b05b-47ac-93f7-b8ab174c9e47,,2025-11-11T13:19:41.234Z
cmhulmn3p0007l70401uy6bfd,default-user,event.updated,CalendarEvent,08a63ee3-7fee-4c78-bed2-64fc85d88ff8,,2025-11-11T13:20:23.413Z
cmhur58bl0003ju04a7lkj5uu,default-user,todo.updated,Todo,cmhm0t5g70004kv04n73kwv1w,,2025-11-11T15:54:48.802Z
cmhur5lf40003jv049de4w2po,default-user,todo.updated,Todo,cmhm0t5g70004kv04n73kwv1w,,2025-11-11T15:55:05.777Z
cmhur5s4o0001i604rx0mfoin,default-user,todo.deleted,Todo,cmhm0w3bv0008kv042s7z9ftx,,2025-11-11T15:55:14.472Z
cmhuuo7230005i60430e180nk,default-user,todo.updated,Todo,cmhteyt3h0001l70440fzua3r,,2025-11-11T17:33:32.475Z
cmhuuo8zv0009i604aseno9vl,default-user,todo.updated,Todo,cmhteyt3h0001l70440fzua3r,,2025-11-11T17:33:34.987Z
cmhuuop9x0005lb04yg6ad0xt,default-user,todo.created,Todo,cmhuuooz10001lb048colofjj,,2025-11-11T17:33:56.085Z
cmhuuoptc0009lb04lkbzl5z6,default-user,todo.updated,Todo,cmhuuooz10001lb048colofjj,,2025-11-11T17:33:56.785Z
cmhuuvnlm000dlb04txygnts1,default-user,event.updated,CalendarEvent,54bff302-4dcf-4939-a5a8-533c57160db8,,2025-11-11T17:39:20.506Z
cmhuuvzqc000hlb04fdmo8qqy,default-user,event.updated,CalendarEvent,54bff302-4dcf-4939-a5a8-533c57160db8,,2025-11-11T17:39:36.228Z
cmhuuws9u0003k304naqeugf5,default-user,event.updated,CalendarEvent,54bff302-4dcf-4939-a5a8-533c57160db8,,2025-11-11T17:40:13.218Z
cmhuuxba5000llb044z0knyiz,default-user,event.updated,CalendarEvent,09fc5705-4c36-465a-8165-1d09df881bea,,2025-11-11T17:40:37.854Z
cmhuuy2gw000plb04pjf3ujh0,default-user,event.updated,CalendarEvent,01a65541-271c-42f8-b4d3-419dc4d4ddbd,,2025-11-11T17:41:13.088Z
cmhuv26va000tlb04fq1rqjub,default-user,todo.updated,Todo,cmht0zmp60005l404hhd4txnz,,2025-11-11T17:44:25.414Z
cmhuv2b5o0007k304rawgv5oc,default-user,todo.updated,Todo,cmht8ymzm0009jo04bf2y70tt,,2025-11-11T17:44:30.973Z
cmhuv5atk0003l104cngs2h9q,default-user,todo.updated,Todo,cmhm0t5g70004kv04n73kwv1w,,2025-11-11T17:46:50.504Z
cmhuvgai80003jr04am2zfkoz,default-user,event.updated,CalendarEvent,09fc5705-4c36-465a-8165-1d09df881bea,,2025-11-11T17:55:23.312Z
cmhuvgbmw0003l7043km8f5h6,default-user,event.updated,CalendarEvent,01a65541-271c-42f8-b4d3-419dc4d4ddbd,,2025-11-11T17:55:24.777Z
cmhuyijhf0005jx04fixlrkk3,default-user,todo.created,Todo,cmhuyij5a0001jx041qdguxpg,,2025-11-11T19:21:07.107Z
cmhuyik4f0003la04361bj02y,default-user,todo.updated,Todo,cmhuyij5a0001jx041qdguxpg,,2025-11-11T19:21:07.935Z
cmhuyj82w0005jv04zuxdlhui,default-user,todo.created,Todo,cmhuyj7sq0001jv04zgq4im43,,2025-11-11T19:21:38.985Z
cmhuyj8qn0009jx04o49iaw95,default-user,todo.updated,Todo,cmhuyj7sq0001jv04zgq4im43,,2025-11-11T19:21:39.840Z
cmhuyjjk4000bjv04ydgy3gen,default-user,todo.created,Todo,cmhuyjj9r0007jv04hqjcghqt,,2025-11-11T19:21:53.861Z
cmhuyjk80000fjv04ddtd7bvg,default-user,todo.updated,Todo,cmhuyjj9r0007jv04hqjcghqt,,2025-11-11T19:21:54.720Z
cmhuymnan000fjx04q5bvfg4y,default-user,todo.created,Todo,cmhuymn0f000bjx04sds107xl,,2025-11-11T19:24:18.671Z
cmhuymo080007la042ikp8yce,default-user,todo.updated,Todo,cmhuymn0f000bjx04sds107xl,,2025-11-11T19:24:19.592Z
cmhuymyz7000ljv045sh148t5,default-user,todo.created,Todo,cmhuymyr1000hjv04ke69ycbo,,2025-11-11T19:24:33.812Z
cmhuymzhn000jjx04styuqupa,default-user,todo.updated,Todo,cmhuymyr1000hjv04ke69ycbo,,2025-11-11T19:24:34.476Z
cmhuyn2uo000pjv04xliz4htb,default-user,todo.updated,Todo,cmhuymyr1000hjv04ke69ycbo,,2025-11-11T19:24:38.832Z
cmhuypg62000vjv04n1q9o3xd,default-user,todo.created,Todo,cmhuypfy7000rjv04qvuux5na,,2025-11-11T19:26:29.402Z
cmhuypgn4000zjv04hzawk96o,default-user,todo.updated,Todo,cmhuypfy7000rjv04qvuux5na,,2025-11-11T19:26:30.017Z
cmhv1hx1o0003le04q3f48g1w,default-user,todo.updated,Todo,cmhouyes80009l704j1zgbmjl,,2025-11-11T20:44:36.876Z
cmhv1hzwq0007le04d8zzsi38,default-user,todo.updated,Todo,cmhouyes80009l704j1zgbmjl,,2025-11-11T20:44:40.586Z
cmhv1oxjo0003ky040g4je0b7,default-user,event.updated,CalendarEvent,54bff302-4dcf-4939-a5a8-533c57160db8,,2025-11-11T20:50:04.116Z
cmhv1p0yh0007ky042m2xre7p,default-user,event.updated,CalendarEvent,79b49d2a-a9b7-405e-8e93-741e26307f6c,,2025-11-11T20:50:08.537Z
cmhv1v5g50003jx04rjfidxc8,default-user,event.updated,CalendarEvent,f827d2e4-ba13-4d47-ab2f-9619b8576010,,2025-11-11T20:54:54.293Z
cmhv1v8lr0007jx04f1y25245,default-user,event.updated,CalendarEvent,f827d2e4-ba13-4d47-ab2f-9619b8576010,,2025-11-11T20:54:58.384Z
cmhv1vs7r000bjx040bwptans,default-user,event.updated,CalendarEvent,f827d2e4-ba13-4d47-ab2f-9619b8576010,,2025-11-11T20:55:23.799Z
cmhv1vxsg000fjx04lr49gl2n,default-user,event.updated,CalendarEvent,dd119761-476e-4d30-aa1b-9fa1db4905c7,,2025-11-11T20:55:31.024Z
cmhv1w05e000ble04hfpb52pp,default-user,event.updated,CalendarEvent,883ffaef-1da6-4276-8d94-bb59b5ed28b6,,2025-11-11T20:55:34.083Z
cmhv1w1s4000fle04qhx65f83,default-user,event.updated,CalendarEvent,883ffaef-1da6-4276-8d94-bb59b5ed28b6,,2025-11-11T20:55:36.196Z
cmhv1wfur000jle04lgarer7r,default-user,event.updated,CalendarEvent,883ffaef-1da6-4276-8d94-bb59b5ed28b6,,2025-11-11T20:55:54.435Z
cmhv1wjim000nle04l7etkimj,default-user,event.updated,CalendarEvent,883ffaef-1da6-4276-8d94-bb59b5ed28b6,,2025-11-11T20:55:59.182Z
cmhv2x4bv000rle04hktazdcw,default-user,event.updated,CalendarEvent,1f01d180-d057-4b0d-9fd2-ad8658434bec,,2025-11-11T21:24:25.771Z
cmhv3mzmj000xle047cdtjxig,default-user,todo.created,Todo,cmhv3mzcw000tle04yj8qq1m1,,2025-11-11T21:44:32.731Z
cmhv3n0e90003jp04iw49jiqf,default-user,todo.updated,Todo,cmhv3mzcw000tle04yj8qq1m1,,2025-11-11T21:44:33.729Z
cmhv3n9o20009jp0493el04f1,default-user,todo.created,Todo,cmhv3n9dt0005jp04c9roi19l,,2025-11-11T21:44:45.746Z
cmhv3na9b0011le04n4oenkql,default-user,todo.updated,Todo,cmhv3n9dt0005jp04c9roi19l,,2025-11-11T21:44:46.511Z
cmhv3o6d30005l104g4n8ivec,default-user,todo.created,Todo,cmhv3o61r0001l104ldnmn2lc,,2025-11-11T21:45:28.119Z
cmhv3o6zv000djp04apewx0u6,default-user,todo.updated,Todo,cmhv3o61r0001l104ldnmn2lc,,2025-11-11T21:45:28.940Z
cmhv3ol7d0009l104m153nwgh,default-user,todo.updated,Todo,cmhv3o61r0001l104ldnmn2lc,,2025-11-11T21:45:47.353Z
cmhv3sfom000hjp04lj8by178,default-user,todo.updated,Todo,cmhv3o61r0001l104ldnmn2lc,,2025-11-11T21:48:46.823Z
cmhvaj1um0003l4040qo9il22,default-user,todo.updated,Todo,cmhoxyye00001l1042v6ranpz,,2025-11-12T00:57:26.302Z
cmhvaj26b0007l404hfxf38s1,default-user,todo.updated,Todo,cmhoxyw9m0003lg0460xmvfvg,,2025-11-12T00:57:26.724Z
cmhvaj2gz000bl4048b8ctlud,default-user,todo.updated,Todo,cmhoxytnc0001lg04h1d5rbn1,,2025-11-12T00:57:27.108Z
cmhvxcpc60003la04mgycezid,default-user,todo.updated,Todo,cmhtak7xi000vla04p49s4kz1,,2025-11-12T11:36:21.318Z
cmhvxcqch0003l104wejtdhq6,default-user,todo.updated,Todo,cmht4regi0005ji04uogkn6mo,,2025-11-12T11:36:22.625Z
cmhw07xqs0003ju0400xsh7so,default-user,event.updated,CalendarEvent,0a8299a4-ac32-416a-b972-decadaeeb78f,,2025-11-12T12:56:37.780Z
cmhw10p3m0003jf04opuot16p,default-user,event.updated,CalendarEvent,0681be1d-ba32-44fe-9bfe-955e9408d273,,2025-11-12T13:18:59.602Z
cmhw3jx9r0003l104nsb50t2f,default-user,todo.updated,Todo,cmhv3mzcw000tle04yj8qq1m1,,2025-11-12T14:29:55.887Z
cmhw3jy6h0003jm04fduc4cfj,default-user,todo.updated,Todo,cmhuypfy7000rjv04qvuux5na,,2025-11-12T14:29:57.066Z
cmhw3k0v50007l1043l3hat2a,default-user,todo.updated,Todo,cmhuymn0f000bjx04sds107xl,,2025-11-12T14:30:00.545Z
cmhw5gkx20003i804nogbfu19,default-user,event.updated,CalendarEvent,883ffaef-1da6-4276-8d94-bb59b5ed28b6,,2025-11-12T15:23:19.142Z
cmhw5gl5e0007i804vn0lvrw1,default-user,event.updated,CalendarEvent,883ffaef-1da6-4276-8d94-bb59b5ed28b6,,2025-11-12T15:23:19.443Z
cmhwcjjzo0003ib04da7x1l2f,default-user,event.updated,CalendarEvent,0681be1d-ba32-44fe-9bfe-955e9408d273,,2025-11-12T18:41:35.221Z
cmhwcjug00003l50422urikcu,default-user,event.updated,CalendarEvent,0681be1d-ba32-44fe-9bfe-955e9408d273,,2025-11-12T18:41:48.769Z
cmhwckea30007l504yrfkiozt,default-user,event.updated,CalendarEvent,7c9f7639-e88a-4090-b9ef-54c055a2e715,,2025-11-12T18:42:14.475Z
cmhwckfnz000bl5042ksqd5ow,default-user,event.updated,CalendarEvent,7c9f7639-e88a-4090-b9ef-54c055a2e715,,2025-11-12T18:42:16.271Z
cmhwckhbk000fl504klvovo7i,default-user,event.updated,CalendarEvent,787215fe-1d0e-46eb-b836-a9739a3147f7,,2025-11-12T18:42:18.417Z
cmhwckncy000jl504kcem6ovg,default-user,event.updated,CalendarEvent,787215fe-1d0e-46eb-b836-a9739a3147f7,,2025-11-12T18:42:26.242Z
cmhwckxgs000nl504quw9g9yw,default-user,event.updated,CalendarEvent,64d3d0f4-5851-459b-b3c8-7b7cc7877870,,2025-11-12T18:42:39.341Z
cmhwcl1ei0007ib04jol0h6w0,default-user,event.updated,CalendarEvent,64d3d0f4-5851-459b-b3c8-7b7cc7877870,,2025-11-12T18:42:44.443Z
cmhwdnoot0003l404l4u5o52m,default-user,todo.updated,Todo,cmhv3n9dt0005jp04c9roi19l,,2025-11-12T19:12:47.550Z
cmhwdozcm000rl504y3c42rtq,default-user,todo.updated,Todo,cmhm0t5g70004kv04n73kwv1w,,2025-11-12T19:13:48.023Z
cmhwdyymh0007l4049w21hg1n,default-user,todo.updated,Todo,cmhm0t5g70004kv04n73kwv1w,,2025-11-12T19:21:33.641Z
cmhwdz1l80003jx0430s6kjaq,default-user,todo.updated,Todo,cmhpg71di0001jp049v164yu9,,2025-11-12T19:21:37.485Z
cmhwicb380003jv04xrej25ix,default-user,event.updated,CalendarEvent,2f267e0e-9933-47ae-b4f1-c62c145c65df,,2025-11-12T21:23:54.788Z
cmhwicixx0003la0481zmekpj,default-user,event.updated,CalendarEvent,35cf1144-01ef-461b-9207-e115c0c75645,,2025-11-12T21:24:04.965Z
cmhwicl040007jv04rm6scjng,default-user,event.updated,CalendarEvent,35cf1144-01ef-461b-9207-e115c0c75645,,2025-11-12T21:24:07.637Z
cmhwif0p60007la04s2775c2z,default-user,event.updated,CalendarEvent,f86377e0-a757-4e7b-9a91-58747c0b8c6f,,2025-11-12T21:26:01.290Z
cmhwif3ae000bla04oxivz16j,default-user,event.updated,CalendarEvent,f86377e0-a757-4e7b-9a91-58747c0b8c6f,,2025-11-12T21:26:04.647Z
cmhwkhea50005if04rg6rbvlk,default-user,todo.created,Todo,cmhwkhe120001if04ltckvk2u,,2025-11-12T22:23:51.437Z
cmhwkhey70003la0413cd0akd,default-user,todo.updated,Todo,cmhwkhe120001if04ltckvk2u,,2025-11-12T22:23:52.304Z
cmhwryp7f0003s9jhhx76ekxu,default-user,todo.updated,Todo,cmhouyes80009l704j1zgbmjl,,2025-11-13T01:53:16.059Z
cmhws8cpe0003s9wdjaj1cxrm,default-user,todo.updated,Todo,cmhouyes80009l704j1zgbmjl,,2025-11-13T02:00:46.419Z
cmhws8fas0009s9wdyb8izkf2,default-user,todo.updated,Todo,cmhouyes80009l704j1zgbmjl,,2025-11-13T02:00:49.780Z
cmhws8gip000ds9wdq1i7ushp,default-user,todo.updated,Todo,cmhouyes80009l704j1zgbmjl,,2025-11-13T02:00:51.361Z
cmhws8h24000fs9wdt1ny4iag,default-user,todo.updated,Todo,cmhouyes80009l704j1zgbmjl,,2025-11-13T02:00:52.061Z
cmhws8itt000ls9wd2b49d2xw,default-user,todo.updated,Todo,cmhouyes80009l704j1zgbmjl,,2025-11-13T02:00:54.353Z
cmhws8j2v000ns9wdqktzst1y,default-user,todo.updated,Todo,cmhouyes80009l704j1zgbmjl,,2025-11-13T02:00:54.680Z
cmhws8vsa000rs9wdietvuztd,default-user,todo.updated,Todo,cmhouyes80009l704j1zgbmjl,,2025-11-13T02:01:11.146Z
cmhws8xq8000xs9wdkmwtgsjm,default-user,todo.updated,Todo,cmhouyes80009l704j1zgbmjl,,2025-11-13T02:01:13.664Z
cmhws8xta000zs9wdvhe0u0gq,default-user,todo.updated,Todo,cmhouyes80009l704j1zgbmjl,,2025-11-13T02:01:13.775Z
cmhws8yvg001ds9wdnb3k3z61,default-user,todo.updated,Todo,cmhouyes80009l704j1zgbmjl,,2025-11-13T02:01:15.149Z
cmhws8ytm001bs9wd9xbtbo9i,default-user,todo.updated,Todo,cmhouyes80009l704j1zgbmjl,,2025-11-13T02:01:15.082Z
cmhws8z24001fs9wdipyyeh0h,default-user,todo.updated,Todo,cmhouyes80009l704j1zgbmjl,,2025-11-13T02:01:15.388Z
cmhws8z4m001hs9wd2c1kk85c,default-user,todo.updated,Todo,cmhouyes80009l704j1zgbmjl,,2025-11-13T02:01:15.478Z
cmhws8zck001js9wde964k8hz,default-user,todo.updated,Todo,cmhouyes80009l704j1zgbmjl,,2025-11-13T02:01:15.765Z
cmhws909i001rs9wds9l9jrvj,default-user,todo.updated,Todo,cmhouyes80009l704j1zgbmjl,,2025-11-13T02:01:16.950Z
cmhws90kh001xs9wdm6pzbbka,default-user,todo.updated,Todo,cmhouyes80009l704j1zgbmjl,,2025-11-13T02:01:17.345Z
cmhws90ob001zs9wd20yogc4f,default-user,todo.updated,Todo,cmhouyes80009l704j1zgbmjl,,2025-11-13T02:01:17.483Z
cmhws90uc0023s9wdatbwwhai,default-user,todo.updated,Todo,cmhouyes80009l704j1zgbmjl,,2025-11-13T02:01:17.701Z
cmhws912y0025s9wdhl5vd6is,default-user,todo.updated,Todo,cmhouyes80009l704j1zgbmjl,,2025-11-13T02:01:18.010Z
cmhws918w0029s9wd7geofy0f,default-user,todo.updated,Todo,cmhouyes80009l704j1zgbmjl,,2025-11-13T02:01:18.225Z
cmhws91p5002ds9wdyys2ku5g,default-user,todo.updated,Todo,cmhouyes80009l704j1zgbmjl,,2025-11-13T02:01:18.810Z
cmhws91z8002hs9wdexre6vad,default-user,todo.updated,Todo,cmhouyes80009l704j1zgbmjl,,2025-11-13T02:01:19.172Z
cmhws92b0002js9wdjhsm60x9,default-user,todo.updated,Todo,cmhouyes80009l704j1zgbmjl,,2025-11-13T02:01:19.596Z
cmhws932j002ts9wdox4tuvht,default-user,todo.updated,Todo,cmhouyes80009l704j1zgbmjl,,2025-11-13T02:01:20.588Z
cmhws939o002vs9wdf1yy2oct,default-user,todo.updated,Todo,cmhouyes80009l704j1zgbmjl,,2025-11-13T02:01:20.844Z
cmhws93d2002xs9wdol74e2z6,default-user,todo.updated,Todo,cmhouyes80009l704j1zgbmjl,,2025-11-13T02:01:20.966Z
cmhws93hl002zs9wd8qeof19v,default-user,todo.updated,Todo,cmhouyes80009l704j1zgbmjl,,2025-11-13T02:01:21.130Z
cmhws94eg0033s9wdhrm3tf03,default-user,todo.updated,Todo,cmhouyes80009l704j1zgbmjl,,2025-11-13T02:01:22.312Z
cmhws96sj0037s9wdg4qsi2sd,default-user,todo.updated,Todo,cmhouyes80009l704j1zgbmjl,,2025-11-13T02:01:25.411Z
cmhws9aeh003ds9wdj6phdeqw,default-user,todo.updated,Todo,cmhouyes80009l704j1zgbmjl,,2025-11-13T02:01:30.089Z
cmhws9ald003fs9wdct51jgen,default-user,todo.updated,Todo,cmhouyes80009l704j1zgbmjl,,2025-11-13T02:01:30.338Z
cmhwshevw0003s9dpb2it3hax,default-user,todo.updated,Todo,cmhouyes80009l704j1zgbmjl,,2025-11-13T02:07:49.148Z
cmhwshgnz0009s9dpaj7ipdu6,default-user,todo.updated,Todo,cmhouyes80009l704j1zgbmjl,,2025-11-13T02:07:51.455Z
cmhwshgxg000bs9dppcyyxcz2,default-user,todo.updated,Todo,cmhouyes80009l704j1zgbmjl,,2025-11-13T02:07:51.796Z
cmhwshhlq000hs9dp4296eoko,default-user,todo.updated,Todo,cmhouyes80009l704j1zgbmjl,,2025-11-13T02:07:52.670Z
cmhwshi06000js9dp4oclssw6,default-user,todo.updated,Todo,cmhouyes80009l704j1zgbmjl,,2025-11-13T02:07:53.190Z
cmhwshkdt000ns9dphxp2tjbj,default-user,todo.updated,Todo,cmhouyes80009l704j1zgbmjl,,2025-11-13T02:07:56.273Z
cmhwshv88000rs9dpj12y6nu8,default-user,todo.updated,Todo,cmht4regi0005ji04uogkn6mo,,2025-11-13T02:08:10.328Z
cmhwshwof000vs9dpg21x4giw,default-user,todo.updated,Todo,cmht4regi0005ji04uogkn6mo,,2025-11-13T02:08:12.208Z
cmhwshxoz000zs9dpp2w0tiw8,default-user,todo.updated,Todo,cmht4regi0005ji04uogkn6mo,,2025-11-13T02:08:13.523Z
cmhwshyry0013s9dpp9joj2u2,default-user,todo.updated,Todo,cmht4regi0005ji04uogkn6mo,,2025-11-13T02:08:14.927Z
cmhwsjdmm0017s9dpozw60th7,default-user,todo.updated,Todo,cmhtb4wqe0011la04c1v79mvf,,2025-11-13T02:09:20.831Z
cmhwsjg6r001bs9dpxxnbhssm,default-user,todo.updated,Todo,cmhtb4wqe0011la04c1v79mvf,,2025-11-13T02:09:24.147Z
cmhwsk2ev001fs9dpbx1ufcih,default-user,todo.updated,Todo,cmhsdlayz0001l404wg8isreq,,2025-11-13T02:09:52.951Z
cmhwsl2as001js9dpw8m7mx8e,default-user,todo.updated,Todo,cmhuyj7sq0001jv04zgq4im43,,2025-11-13T02:10:39.460Z
cmhwsl60y001ns9dprzx4mg77,default-user,todo.updated,Todo,cmhuyj7sq0001jv04zgq4im43,,2025-11-13T02:10:44.290Z
cmhwsn9mi001ts9dpi8r1b5zf,default-user,todo.created,Todo,cmhwsn8n9001ps9dpdfs68m8l,,2025-11-13T02:12:22.266Z
cmhwsnbhe001xs9dpia6psg8s,default-user,todo.updated,Todo,cmhwsn8n9001ps9dpdfs68m8l,,2025-11-13T02:12:24.675Z
cmhxhgfjy0003gv045h0wdlf9,default-user,event.updated,CalendarEvent,2f6b13df-df52-4d2e-82f7-2dc34727b43a,,2025-11-13T13:46:53.759Z
cmhxhghtz0003l204t4j05fw1,default-user,event.updated,CalendarEvent,2f6b13df-df52-4d2e-82f7-2dc34727b43a,,2025-11-13T13:46:56.711Z
cmhxhjidl0007gv041k8nvi73,default-user,event.updated,CalendarEvent,0a8299a4-ac32-416a-b972-decadaeeb78f,,2025-11-13T13:49:17.385Z
cmhxhlcbz0007l204kdakbpza,default-user,event.updated,CalendarEvent,0a8299a4-ac32-416a-b972-decadaeeb78f,,2025-11-13T13:50:42.864Z
cmhxj60gl0003l705kk5fqraz,default-user,todo.updated,Todo,cmhtbdjf8000ll504ltkdplbk,,2025-11-13T14:34:46.869Z
cmhxj62ur0003jv04mdmav05a,default-user,todo.updated,Todo,cmht4regi0005ji04uogkn6mo,,2025-11-13T14:34:49.972Z
cmhxlmuou0003gt0407vp237l,default-user,event.updated,CalendarEvent,f827d2e4-ba13-4d47-ab2f-9619b8576010,,2025-11-13T15:43:51.774Z
cmhxlp3o60003jp04h07dd0fj,default-user,event.updated,CalendarEvent,4e7cdac1-8680-4f8d-a72e-499db3fdafe8,,2025-11-13T15:45:36.726Z
cmhxlp6rp0003jv048sm02n3o,default-user,event.updated,CalendarEvent,54bff302-4dcf-4939-a5a8-533c57160db8,,2025-11-13T15:45:40.741Z
cmhxlqvjm0003l7046q1nenvh,default-user,event.updated,CalendarEvent,0681be1d-ba32-44fe-9bfe-955e9408d273,,2025-11-13T15:46:59.506Z
cmhxlshbk0007l704bv023llt,default-user,event.updated,CalendarEvent,0a8299a4-ac32-416a-b972-decadaeeb78f,,2025-11-13T15:48:14.384Z
cmhxlvlqv000bl70493ibh9cp,default-user,event.updated,CalendarEvent,4e7cdac1-8680-4f8d-a72e-499db3fdafe8,,2025-11-13T15:50:40.088Z
cmhxlvxgc0009jp04zd7fqvzx,default-user,event.updated,CalendarEvent,64d3d0f4-5851-459b-b3c8-7b7cc7877870,,2025-11-13T15:50:55.246Z
cmhxlwcmx000djp04pqzi5thb,default-user,event.updated,CalendarEvent,64d3d0f4-5851-459b-b3c8-7b7cc7877870,,2025-11-13T15:51:14.938Z
cmhxq38s60005i904ef1efkyt,default-user,todo.created,Todo,cmhxq38hp0001i904kpl6ujz0,,2025-11-13T17:48:34.999Z
cmhxq39f70003kv04i6atavu2,default-user,todo.updated,Todo,cmhxq38hp0001i904kpl6ujz0,,2025-11-13T17:48:35.827Z
cmhxq3cnr0005jy04q4zsgozz,default-user,todo.created,Todo,cmhxq3cd80001jy04uuop47f9,,2025-11-13T17:48:40.023Z
cmhxq3d7u0009i904r9jr3omt,default-user,todo.updated,Todo,cmhxq3cd80001jy04uuop47f9,,2025-11-13T17:48:40.746Z
cmhxq3fu10009kv04xy3gz4xf,default-user,todo.created,Todo,cmhxq3fj40005kv04mzc1hlnx,,2025-11-13T17:48:44.137Z
cmhxq3ggv0009jy043ve7dw5a,default-user,todo.updated,Todo,cmhxq3fj40005kv04mzc1hlnx,,2025-11-13T17:48:44.959Z
cmhxq3mc4000dkv04zfi9wpg9,default-user,todo.updated,Todo,cmhwkhe120001if04ltckvk2u,,2025-11-13T17:48:52.565Z
cmhxt5j5v0003l404nklz3op2,default-user,event.updated,CalendarEvent,64d3d0f4-5851-459b-b3c8-7b7cc7877870,,2025-11-13T19:14:20.611Z
cmhxt5kgo0003jm04lhldy6ic,default-user,event.updated,CalendarEvent,64d3d0f4-5851-459b-b3c8-7b7cc7877870,,2025-11-13T19:14:22.296Z
cmhxt5lpc0007jm04el7v00ck,default-user,event.updated,CalendarEvent,64d3d0f4-5851-459b-b3c8-7b7cc7877870,,2025-11-13T19:14:23.904Z
cmhxt5mzo000bjm04xxj5keqx,default-user,event.updated,CalendarEvent,03e3472b-09e4-48ae-aa2a-cb0e23ea6f05,,2025-11-13T19:14:25.572Z
cmhxt5rub000fjm04as9v4o3i,default-user,event.updated,CalendarEvent,787215fe-1d0e-46eb-b836-a9739a3147f7,,2025-11-13T19:14:31.859Z
cmhxt5tgw000jjm04cswch729,default-user,event.updated,CalendarEvent,b12e715e-b9ae-4d1f-aa05-f7296c6e25e1,,2025-11-13T19:14:33.969Z
cmhxt61d00007l404s3i87yuw,default-user,event.updated,CalendarEvent,a612c967-66d0-4a54-9522-1ae28b0076aa,,2025-11-13T19:14:44.197Z
cmhxt6dwu000bl40423x1pe08,default-user,event.updated,CalendarEvent,480b9f09-69b2-48f8-a04d-dc557bdccde2,,2025-11-13T19:15:00.463Z
cmhxt6i82000njm04q9wig1b8,default-user,event.updated,CalendarEvent,480b9f09-69b2-48f8-a04d-dc557bdccde2,,2025-11-13T19:15:06.051Z
cmhxwkusx0005jx0482a9xzok,default-user,todo.created,Todo,cmhxwkuiv0001jx04uyg1w38l,,2025-11-13T20:50:14.385Z
cmhxwkvip0003l5045e8sibhh,default-user,todo.updated,Todo,cmhxwkuiv0001jx04uyg1w38l,,2025-11-13T20:50:15.314Z
cmhxwkyz80003jx04mzn80rhm,default-user,todo.updated,Todo,cmhxwkuiv0001jx04uyg1w38l,,2025-11-13T20:50:19.797Z
cmhxwl1690007l5044884483y,default-user,todo.updated,Todo,cmhxwkuiv0001jx04uyg1w38l,,2025-11-13T20:50:22.642Z
cmhxwl3re0007jx044cyv0pgk,default-user,todo.updated,Todo,cmhxwkuiv0001jx04uyg1w38l,,2025-11-13T20:50:25.995Z
cmhxwl5im000bjx04flen2l45,default-user,todo.updated,Todo,cmhxwkuiv0001jx04uyg1w38l,,2025-11-13T20:50:28.270Z
cmhxwl7l5000bl504lrtgav9m,default-user,todo.updated,Todo,cmhxwkuiv0001jx04uyg1w38l,,2025-11-13T20:50:30.953Z
cmhxwlf0y000fjx04isrvy5ku,default-user,todo.updated,Todo,cmhxwkuiv0001jx04uyg1w38l,,2025-11-13T20:50:40.594Z
cmhxwlgfc000fl504ynk83nn0,default-user,todo.updated,Todo,cmhxwkuiv0001jx04uyg1w38l,,2025-11-13T20:50:42.408Z
cmhxwlgup000jl504me9tdcwv,default-user,todo.updated,Todo,cmhxwkuiv0001jx04uyg1w38l,,2025-11-13T20:50:42.961Z
cmhxwlkbn000jjx04e7ar0k5j,default-user,todo.updated,Todo,cmhxwkuiv0001jx04uyg1w38l,,2025-11-13T20:50:47.459Z
cmhxwltkf000bjx04wid2onux,default-user,todo.created,Todo,cmhxwltaf0007jx04psm9rtex,,2025-11-13T20:50:59.439Z
cmhxwlu6n000fjx04zz34b863,default-user,todo.updated,Todo,cmhxwltaf0007jx04psm9rtex,,2025-11-13T20:51:00.239Z
cmhy2psgk0003le04bdqz6vzf,default-user,todo.updated,Todo,cmhxq3fj40005kv04mzc1hlnx,,2025-11-13T23:42:02.311Z
cmhy2pt2l0007le04lpsqjh6f,default-user,todo.updated,Todo,cmhxq3cd80001jy04uuop47f9,,2025-11-13T23:42:03.118Z
cmhy2ptn2000ble04n51vc2ij,default-user,todo.updated,Todo,cmhxq38hp0001i904kpl6ujz0,,2025-11-13T23:42:03.855Z
cmhy2rdwd0003ky04w62yjt2p,default-user,todo.updated,Todo,cmhuyij5a0001jx041qdguxpg,,2025-11-13T23:43:16.765Z
cmhyu8ynm0003l504khhsh9dj,default-user,event.updated,CalendarEvent,c2f3e0fa-7de5-4dda-ad30-53a410d523a1,,2025-11-14T12:32:46.450Z
cmhyuafdj0007l504d8wm28y3,default-user,event.updated,CalendarEvent,f5bd736a-d0fe-49e6-8abf-973e99272044,,2025-11-14T12:33:54.775Z
cmhyuakhw000bl504zq4aivov,default-user,event.updated,CalendarEvent,0a8299a4-ac32-416a-b972-decadaeeb78f,,2025-11-14T12:34:01.412Z
cmhyuapw5000fl504qu9pvykb,default-user,event.updated,CalendarEvent,0a8299a4-ac32-416a-b972-decadaeeb78f,,2025-11-14T12:34:08.405Z
cmhyub3di0005l504c0owqun2,default-user,event.updated,CalendarEvent,f5bd736a-d0fe-49e6-8abf-973e99272044,,2025-11-14T12:34:25.879Z
cmhyubddh000jl5049ahmkrna,default-user,event.updated,CalendarEvent,f5bd736a-d0fe-49e6-8abf-973e99272044,,2025-11-14T12:34:38.837Z
cmhyz902j0003k304r5yyydff,default-user,event.updated,CalendarEvent,64d3d0f4-5851-459b-b3c8-7b7cc7877870,,2025-11-14T14:52:46.364Z
cmhyz9yqc0007k304wsb1504t,default-user,event.updated,CalendarEvent,64d3d0f4-5851-459b-b3c8-7b7cc7877870,,2025-11-14T14:53:31.285Z
cmhz2jt940003gz046uoj7n7v,default-user,event.updated,CalendarEvent,f86377e0-a757-4e7b-9a91-58747c0b8c6f,,2025-11-14T16:25:09.592Z
cmhz2lksj0003lg04qvll6mqw,default-user,event.updated,CalendarEvent,f86377e0-a757-4e7b-9a91-58747c0b8c6f,,2025-11-14T16:26:31.939Z
cmhz2lu2r0007gz04gt5va4v5,default-user,event.updated,CalendarEvent,f86377e0-a757-4e7b-9a91-58747c0b8c6f,,2025-11-14T16:26:43.971Z
cmhz2m3zp000bgz04tvtvhwhv,default-user,event.updated,CalendarEvent,2f6b13df-df52-4d2e-82f7-2dc34727b43a,,2025-11-14T16:26:56.822Z
cmhzi4mdk0003le04ct9qmw4w,default-user,event.updated,CalendarEvent,03e3472b-09e4-48ae-aa2a-cb0e23ea6f05,,2025-11-14T23:41:14.697Z
cmhzi4tgf0007le04egwf65wu,default-user,event.updated,CalendarEvent,58d667b8-f2d7-4fcb-8f7f-0836be78577e,,2025-11-14T23:41:23.871Z
cmhzi4whq0003l504yjgckumf,default-user,event.updated,CalendarEvent,ad27b5a3-332c-4930-8e9f-89d617783475,,2025-11-14T23:41:27.806Z
cmhzi5a4n0007l504wtqhxswv,default-user,event.updated,CalendarEvent,ad27b5a3-332c-4930-8e9f-89d617783475,,2025-11-14T23:41:45.480Z
cmhzi5ryx000ble047jfloogi,default-user,event.updated,CalendarEvent,03e3472b-09e4-48ae-aa2a-cb0e23ea6f05,,2025-11-14T23:42:08.601Z
cmhzi952g000dl504ndzd69q8,default-user,event.updated,CalendarEvent,9f5e0e2b-65cf-4d8c-8519-2dc7566dfca4,,2025-11-14T23:44:45.544Z
cmhzi9kpr000fle040r1f43wn,default-user,event.updated,CalendarEvent,9f5e0e2b-65cf-4d8c-8519-2dc7566dfca4,,2025-11-14T23:45:05.824Z
cmhzial06000hl504ax187bpa,default-user,event.updated,CalendarEvent,24b866af-1e08-4614-8aa5-68670e404aa1,,2025-11-14T23:45:52.854Z
cmhzib5je000jle04fag8yaj4,default-user,event.updated,CalendarEvent,9f5e0e2b-65cf-4d8c-8519-2dc7566dfca4,,2025-11-14T23:46:19.466Z
cmhzic1jl000nle04u38tjna5,default-user,event.updated,CalendarEvent,480b9f09-69b2-48f8-a04d-dc557bdccde2,,2025-11-14T23:47:00.945Z
cmhzic8wc000rle04igpq0xtz,default-user,event.updated,CalendarEvent,01a65541-271c-42f8-b4d3-419dc4d4ddbd,,2025-11-14T23:47:10.476Z
cmhzic9z9000vle04lr1farkh,default-user,event.updated,CalendarEvent,09fc5705-4c36-465a-8165-1d09df881bea,,2025-11-14T23:47:11.877Z
cmhzicfds000zle0487fze8c8,default-user,event.updated,CalendarEvent,cmek35hv30001ii04ipd83fyu,,2025-11-14T23:47:18.880Z
cmhzich1h0013le04r1ed0sis,default-user,event.updated,CalendarEvent,35cf1144-01ef-461b-9207-e115c0c75645,,2025-11-14T23:47:21.030Z
cmhzicjfp0017le04bf4q5hgv,default-user,event.updated,CalendarEvent,cmek35hv30001ii04ipd83fyu,,2025-11-14T23:47:24.133Z
cmhzid9tn000ll504ymvga5vw,default-user,event.updated,CalendarEvent,24b866af-1e08-4614-8aa5-68670e404aa1,,2025-11-14T23:47:58.331Z
cmhziekyw000pl504qla3tzu6,default-user,event.updated,CalendarEvent,03e3472b-09e4-48ae-aa2a-cb0e23ea6f05,,2025-11-14T23:48:59.432Z
cmhzif3u2000tl5042hfrrjcr,default-user,event.updated,CalendarEvent,54bff302-4dcf-4939-a5a8-533c57160db8,,2025-11-14T23:49:23.882Z
cmhzikcdm000xl504hvq1427f,default-user,event.updated,CalendarEvent,01a65541-271c-42f8-b4d3-419dc4d4ddbd,,2025-11-14T23:53:28.235Z
cmi0ssjgs0005gp04hbiczm9s,default-user,todo.created,Todo,cmi0ssj750001gp04erlihcyt,,2025-11-15T21:27:33.004Z
cmi0ssk6k0003k104nkr68dp5,default-user,todo.updated,Todo,cmi0ssj750001gp04erlihcyt,,2025-11-15T21:27:33.932Z
cmi2h2yeg0003l404gmk6cemc,default-user,event.updated,CalendarEvent,3f4d1d9b-b05b-47ac-93f7-b8ab174c9e47,,2025-11-17T01:35:15.880Z
cmi2h6mna0005if04ekfo9sni,default-user,todo.created,Todo,cmi2h6mcj0001if04ix44hs6o,,2025-11-17T01:38:07.270Z
cmi2h6nq10003l504kyqgntsd,default-user,todo.updated,Todo,cmi2h6mcj0001if04ix44hs6o,,2025-11-17T01:38:08.665Z
cmi2h6vc80007l504qvifftk7,default-user,todo.updated,Todo,cmi2h6mcj0001if04ix44hs6o,,2025-11-17T01:38:18.537Z
cmi2h7fcz0007l4046ddrbk6m,default-user,todo.updated,Todo,cmhxwltaf0007jx04psm9rtex,,2025-11-17T01:38:44.483Z
cmi2h7y850009if04reslrozn,default-user,todo.updated,Todo,cmhuyj7sq0001jv04zgq4im43,,2025-11-17T01:39:08.934Z
cmi2h8mwm000bl504cw9ndnkf,default-user,todo.updated,Todo,cmhwsn8n9001ps9dpdfs68m8l,,2025-11-17T01:39:40.919Z
cmi327cwh0003li04oxvw7rkw,default-user,todo.updated,Todo,cmhouyes80009l704j1zgbmjl,,2025-11-17T11:26:33.233Z
cmi334xlk0005l5044nzjmqva,default-user,todo.created,Todo,cmi334xb40001l504rkujx7x5,,2025-11-17T11:52:39.704Z
cmi334yag0009l504m4fjzgsc,default-user,todo.updated,Todo,cmi334xb40001l504rkujx7x5,,2025-11-17T11:52:40.600Z
cmi3384g20003l404thflwm7l,default-user,event.updated,CalendarEvent,b12e715e-b9ae-4d1f-aa05-f7296c6e25e1,,2025-11-17T11:55:08.546Z
cmi3388mf0003lb04c2y917t4,default-user,event.updated,CalendarEvent,b12e715e-b9ae-4d1f-aa05-f7296c6e25e1,,2025-11-17T11:55:13.959Z
cmi3a6tg40003jp04c5ej35qv,default-user,todo.updated,Todo,cmhxwltaf0007jx04psm9rtex,,2025-11-17T15:10:04.948Z
cmi3a6ur00007jp04m9tgnzjz,default-user,todo.updated,Todo,cmhxwkuiv0001jx04uyg1w38l,,2025-11-17T15:10:06.636Z
cmi3aa50y0003l804xvdunnqp,default-user,todo.updated,Todo,cmi0ssj750001gp04erlihcyt,,2025-11-17T15:12:39.922Z
cmi3b3ebf0003js044ovuktgy,default-user,event.updated,CalendarEvent,24b866af-1e08-4614-8aa5-68670e404aa1,,2025-11-17T15:35:24.987Z
cmi3b59di0007js04qkruzez0,default-user,event.updated,CalendarEvent,f5ea6088-ae2f-4e0d-9c93-5e9f46e06dd7,,2025-11-17T15:36:51.895Z
cmi3b6cjl0003js04kwj2fsml,default-user,event.updated,CalendarEvent,f5ea6088-ae2f-4e0d-9c93-5e9f46e06dd7,,2025-11-17T15:37:42.657Z
cmi3b7g050007js04ifuabql1,default-user,event.updated,CalendarEvent,f5ea6088-ae2f-4e0d-9c93-5e9f46e06dd7,,2025-11-17T15:38:33.797Z
cmi3bpcuz000bjs04pzb7o051,default-user,todo.updated,Todo,cmi2h6mcj0001if04ix44hs6o,,2025-11-17T15:52:29.531Z
cmi3bq79l0003jo04rsna95cg,default-user,todo.updated,Todo,cmhtf8tg50005jx04b04l7riz,,2025-11-17T15:53:08.937Z
cmi3brxgv0003ky04n1gc35oo,default-user,event.updated,CalendarEvent,24b866af-1e08-4614-8aa5-68670e404aa1,,2025-11-17T15:54:29.551Z
cmi3bt961000hjs04hidt1zkx,default-user,event.updated,CalendarEvent,24b866af-1e08-4614-8aa5-68670e404aa1,,2025-11-17T15:55:31.370Z
cmi3cvajv0005l804wfnnnlww,default-user,todo.created,Todo,cmi3cvacc0001l804xge5xtzz,,2025-11-17T16:25:06.091Z
cmi3cvb5w0009l804cycp00t0,default-user,todo.updated,Todo,cmi3cvacc0001l804xge5xtzz,,2025-11-17T16:25:06.884Z
cmi3cxh1a000fl804jjnf43hi,default-user,todo.created,Todo,cmi3cxgsm000bl80451qe4v4d,,2025-11-17T16:26:47.807Z
cmi3cxhne000jl804axfq2625,default-user,todo.updated,Todo,cmi3cxgsm000bl80451qe4v4d,,2025-11-17T16:26:48.602Z
cmi3deowk0009ky04sgc6l0u2,default-user,todo.created,Todo,cmi3deoll0005ky04dawvuuhl,,2025-11-17T16:40:11.157Z
cmi3derpm0003l104z2hybzbp,default-user,todo.updated,Todo,cmi3deoll0005ky04dawvuuhl,,2025-11-17T16:40:14.795Z
cmi3dfncs0005l804rg0dik9a,default-user,todo.created,Todo,cmi3dfn0y0001l804ogs2pzzz,,2025-11-17T16:40:55.804Z
cmi3dfnzo0009l804mjo0mwnf,default-user,todo.updated,Todo,cmi3dfn0y0001l804ogs2pzzz,,2025-11-17T16:40:56.628Z
cmi3gjvk40003lb04tlkm4p2o,default-user,event.updated,CalendarEvent,e0c6001c-6a94-4157-9913-5974e7a00207,,2025-11-17T18:08:11.908Z
cmi3gknqa0003lb049zk7cqfv,default-user,event.updated,CalendarEvent,e0c6001c-6a94-4157-9913-5974e7a00207,,2025-11-17T18:08:48.418Z
cmi3gkr5c0007lb04vizohm2p,default-user,event.updated,CalendarEvent,35cf1144-01ef-461b-9207-e115c0c75645,,2025-11-17T18:08:52.849Z
cmi3gkt260007lb04jakprht7,default-user,event.updated,CalendarEvent,2f267e0e-9933-47ae-b4f1-c62c145c65df,,2025-11-17T18:08:55.326Z
cmi3gkvsm000blb046hofklo9,default-user,event.updated,CalendarEvent,2f267e0e-9933-47ae-b4f1-c62c145c65df,,2025-11-17T18:08:58.870Z
cmi3gky48000flb04nevovp16,default-user,event.updated,CalendarEvent,2f267e0e-9933-47ae-b4f1-c62c145c65df,,2025-11-17T18:09:01.880Z
cmi3gkyku000blb046mnrhauf,default-user,event.updated,CalendarEvent,2f267e0e-9933-47ae-b4f1-c62c145c65df,,2025-11-17T18:09:02.478Z
cmi3hu1rh0003i504m3wcvd4k,default-user,event.updated,CalendarEvent,a612c967-66d0-4a54-9522-1ae28b0076aa,,2025-11-17T18:44:06.125Z
cmi3hun8s0007i504kqry2hsf,default-user,event.updated,CalendarEvent,24b866af-1e08-4614-8aa5-68670e404aa1,,2025-11-17T18:44:33.965Z
cmi3huorb000jlb04c50azg0j,default-user,event.updated,CalendarEvent,8fd42b34-c73a-438a-8504-e72c4a91cbf4,,2025-11-17T18:44:35.927Z
cmi3huw2c000bi504odnri8ak,default-user,event.updated,CalendarEvent,2f267e0e-9933-47ae-b4f1-c62c145c65df,,2025-11-17T18:44:45.396Z
cmi3jwqpp0005l804imm9ehxa,default-user,todo.created,Todo,cmi3jwqgc0001l804t9qk4yvt,,2025-11-17T19:42:11.005Z
cmi3jwteb0003jg045kdfsjpu,default-user,todo.updated,Todo,cmi3jwqgc0001l804t9qk4yvt,,2025-11-17T19:42:14.483Z
cmi3jwtzf0009l8043wd67rhq,default-user,todo.updated,Todo,cmi3dfn0y0001l804ogs2pzzz,,2025-11-17T19:42:15.243Z
cmi3jwv5o0003js04iey7wg90,default-user,todo.updated,Todo,cmi3jwqgc0001l804t9qk4yvt,,2025-11-17T19:42:16.765Z
cmi3jxhjs0009js04mp4wliko,default-user,todo.created,Todo,cmi3jxhbk0005js046y0thc8c,,2025-11-17T19:42:45.784Z
cmi3jxi3t000dl804meqdsuw2,default-user,todo.updated,Todo,cmi3jxhbk0005js046y0thc8c,,2025-11-17T19:42:46.505Z
cmi3lzykh0003l5048r76obs2,default-user,event.updated,CalendarEvent,01a65541-271c-42f8-b4d3-419dc4d4ddbd,,2025-11-17T20:40:40.385Z
cmi3m01s20003jx04h2sn4ghq,default-user,event.updated,CalendarEvent,0df55974-c687-4c03-91a0-567669c2254d,,2025-11-17T20:40:44.547Z
cmi3w59iw0003jv04gjp27a0g,default-user,event.updated,CalendarEvent,35cf1144-01ef-461b-9207-e115c0c75645,,2025-11-18T01:24:44.025Z
cmi3w5c5t0003l204phgtyxh8,default-user,event.updated,CalendarEvent,a612c967-66d0-4a54-9522-1ae28b0076aa,,2025-11-18T01:24:47.442Z
cmi3wny0j0003k0045f7rp20v,default-user,event.updated,CalendarEvent,9f5e0e2b-65cf-4d8c-8519-2dc7566dfca4,,2025-11-18T01:39:15.572Z
cmi3wo1ez0007k004jty7ru0s,default-user,event.updated,CalendarEvent,cmek35hv30001ii04ipd83fyu,,2025-11-18T01:39:19.979Z
cmi3wo6tf000bk004zx0lgzvy,default-user,event.updated,CalendarEvent,03e3472b-09e4-48ae-aa2a-cb0e23ea6f05,,2025-11-18T01:39:26.979Z
cmi3wodsq000fk004f1xru6cw,default-user,event.updated,CalendarEvent,e0c6001c-6a94-4157-9913-5974e7a00207,,2025-11-18T01:39:36.027Z
cmi3woqe90007jv04xevpupc0,default-user,event.updated,CalendarEvent,e0c6001c-6a94-4157-9913-5974e7a00207,,2025-11-18T01:39:52.353Z
cmi3wzg00000bjv049vadfw2m,default-user,event.updated,CalendarEvent,2f6b13df-df52-4d2e-82f7-2dc34727b43a,,2025-11-18T01:48:12.096Z
cmi3x7hnf000hjv04n495zhqb,default-user,todo.created,Todo,cmi3x7hd1000djv04u8bsi39a,,2025-11-18T01:54:27.484Z
cmi3x7icj000jk004x6javrou,default-user,todo.updated,Todo,cmi3x7hd1000djv04u8bsi39a,,2025-11-18T01:54:28.388Z
cmi4vjr2a0005l504irgoo1y5,default-user,todo.created,Todo,cmi4vjqu90001l50427ytx188,,2025-11-18T17:55:46.498Z
cmi4vjrp00009l504jk091prz,default-user,todo.updated,Todo,cmi4vjqu90001l50427ytx188,,2025-11-18T17:55:47.316Z
cmi4vk1ez0005lg04h8iw1iil,default-user,todo.created,Todo,cmi4vk14n0001lg0439cj4drk,,2025-11-18T17:55:59.915Z
cmi4vk2hs0003jv04lkqeceg7,default-user,todo.updated,Todo,cmi4vk14n0001lg0439cj4drk,,2025-11-18T17:56:01.313Z
cmi4vno0p000fl5049mtdvexm,default-user,todo.created,Todo,cmi4vnns1000bl504z7uoagq7,,2025-11-18T17:58:49.177Z
cmi4vnoid0007jv04kd4bv0kq,default-user,todo.updated,Todo,cmi4vnns1000bl504z7uoagq7,,2025-11-18T17:58:49.813Z
cmi4vycaq0003ih04zbpa0w2v,default-user,event.updated,CalendarEvent,11efd37d-74cf-4428-b2e1-ea8f74e7a7d5,,2025-11-18T18:07:07.202Z
cmi4vyi9q0007ih040lj9f4ms,default-user,event.updated,CalendarEvent,11efd37d-74cf-4428-b2e1-ea8f74e7a7d5,,2025-11-18T18:07:14.942Z
cmi4wllpu0003jo04846251wi,default-user,event.updated,CalendarEvent,f5ea6088-ae2f-4e0d-9c93-5e9f46e06dd7,,2025-11-18T18:25:12.498Z
cmi4wpxvh0003l204fg63wl59,default-user,event.updated,CalendarEvent,8abf8bb7-e29e-4da0-acd9-7820616057a9,,2025-11-18T18:28:34.878Z
cmi4wy5ln0003l8047uam4udp,default-user,todo.updated,Todo,cmi3jxhbk0005js046y0thc8c,,2025-11-18T18:34:58.139Z
cmi4wy9bu0007l204je06vcr3,default-user,todo.updated,Todo,cmi4vk14n0001lg0439cj4drk,,2025-11-18T18:35:02.971Z
cmi4wyq760007l804xz21td1r,default-user,todo.updated,Todo,cmi3jwqgc0001l804t9qk4yvt,,2025-11-18T18:35:24.834Z
cmi4wysw1000bl8042riiq5tz,default-user,todo.updated,Todo,cmi3cxgsm000bl80451qe4v4d,,2025-11-18T18:35:28.321Z
cmi4wyynf000fl8040fbulky6,default-user,todo.updated,Todo,cmhuymyr1000hjv04ke69ycbo,,2025-11-18T18:35:35.787Z
cmi4yn9rh0003jx041tuuzvwr,default-user,event.updated,CalendarEvent,7a9dec0d-3ba0-4c0f-8af4-f9caad20ae59,,2025-11-18T19:22:29.549Z
cmi4ynhmr0003jo0436sjn882,default-user,event.updated,CalendarEvent,7a9dec0d-3ba0-4c0f-8af4-f9caad20ae59,,2025-11-18T19:22:39.747Z
cmi4yoigr000bjo04emket8ok,default-user,event.updated,CalendarEvent,35cf1144-01ef-461b-9207-e115c0c75645,,2025-11-18T19:23:27.484Z
cmi4yok8l000fjo04n77jtome,default-user,event.updated,CalendarEvent,2f267e0e-9933-47ae-b4f1-c62c145c65df,,2025-11-18T19:23:29.781Z
cmi4yomxo0007jx04xku7w2o3,default-user,event.updated,CalendarEvent,1f01d180-d057-4b0d-9fd2-ad8658434bec,,2025-11-18T19:23:33.277Z
cmi4yox1b000bjx04zvt0q24b,default-user,event.updated,CalendarEvent,cmek35hv30001ii04ipd83fyu,,2025-11-18T19:23:46.367Z
cmi4ypdlr000jjo04yq68ay8x,default-user,event.updated,CalendarEvent,765862a0-bf7a-46c0-a771-1338041446ba,,2025-11-18T19:24:07.839Z
cmi4ypmjd000njo04r34tk9w8,default-user,event.updated,CalendarEvent,765862a0-bf7a-46c0-a771-1338041446ba,,2025-11-18T19:24:19.418Z
cmi4ypokw000rjo04o29jtrmo,default-user,event.updated,CalendarEvent,2f267e0e-9933-47ae-b4f1-c62c145c65df,,2025-11-18T19:24:22.065Z
cmi4ypp8k000vjo04nf0r9qbz,default-user,event.updated,CalendarEvent,2f267e0e-9933-47ae-b4f1-c62c145c65df,,2025-11-18T19:24:22.916Z
cmi535uqs0003lg04rpksq1q1,default-user,event.updated,CalendarEvent,01a65541-271c-42f8-b4d3-419dc4d4ddbd,,2025-11-18T21:28:55.012Z
cmi536lgf0007lg04yigy55ij,default-user,event.updated,CalendarEvent,a612c967-66d0-4a54-9522-1ae28b0076aa,,2025-11-18T21:29:29.632Z
cmi536n9e000blg047vh0h33w,default-user,event.updated,CalendarEvent,a612c967-66d0-4a54-9522-1ae28b0076aa,,2025-11-18T21:29:31.970Z
cmi537jk70005l8045xustlmx,default-user,event.updated,CalendarEvent,8acfb655-e12b-4d09-94f0-c74ef759632e,,2025-11-18T21:30:13.831Z
cmi5y3zrb0003l704mjnpjay7,default-user,todo.updated,Todo,cmi4vjqu90001l50427ytx188,,2025-11-19T11:55:16.296Z
cmi5y4ufb0005l80436x9kv5b,default-user,todo.created,Todo,cmi5y4u4m0001l8045qtszfr8,,2025-11-19T11:55:56.039Z
cmi5y4v2b0009l8045c70d4d7,default-user,todo.updated,Todo,cmi5y4u4m0001l8045qtszfr8,,2025-11-19T11:55:56.867Z
cmi5y5waf0005l504zcrpiq2d,default-user,todo.created,Todo,cmi5y5w0h0001l504bu74jbvp,,2025-11-19T11:56:45.112Z
cmi5y5wy40007l704lzx1qslq,default-user,todo.updated,Todo,cmi5y5w0h0001l504bu74jbvp,,2025-11-19T11:56:45.964Z
cmi5y65nz000bl50489q9qnle,default-user,todo.created,Todo,cmi5y65e30007l504fcaxlu61,,2025-11-19T11:56:57.264Z
cmi5y668q000bl704enizsfpo,default-user,todo.updated,Todo,cmi5y65e30007l504fcaxlu61,,2025-11-19T11:56:58.010Z
cmi5y6wp3000hl5040n5u1mvr,default-user,todo.created,Todo,cmi5y6wh0000dl504d4srgwsh,,2025-11-19T11:57:32.295Z
cmi5y6x8f000dl80442hzdjnv,default-user,todo.updated,Todo,cmi5y6wh0000dl504d4srgwsh,,2025-11-19T11:57:32.992Z
cmi5yb9uk000hl804zluxhjwc,default-user,todo.updated,Todo,cmi4vjqu90001l50427ytx188,,2025-11-19T12:00:55.964Z
cmi5ybbho000ll80411ofis1h,default-user,todo.updated,Todo,cmi4vjqu90001l50427ytx188,,2025-11-19T12:00:58.092Z
cmi5zhaq90003lc0432mwogo2,default-user,event.updated,CalendarEvent,7a9dec0d-3ba0-4c0f-8af4-f9caad20ae59,,2025-11-19T12:33:36.657Z
cmi5zhhjm0003l104pacty0p8,default-user,event.updated,CalendarEvent,8acfb655-e12b-4d09-94f0-c74ef759632e,,2025-11-19T12:33:45.490Z
cmi5zj2qm0009l1048do7r9ej,default-user,todo.created,Todo,cmi5zj2g10005l104udrru1co,,2025-11-19T12:34:59.614Z
cmi5zj3c50007lc04n04lxauk,default-user,todo.updated,Todo,cmi5zj2g10005l104udrru1co,,2025-11-19T12:35:00.389Z
cmi5zjy8r0003l104mwuihld2,default-user,event.updated,CalendarEvent,8fd42b34-c73a-438a-8504-e72c4a91cbf4,,2025-11-19T12:35:40.443Z
cmi5zkzrb0007l1047c09n1ge,default-user,event.updated,CalendarEvent,8acfb655-e12b-4d09-94f0-c74ef759632e,,2025-11-19T12:36:29.063Z
cmi5zmgw6000blc04xxkkx0m0,default-user,event.updated,CalendarEvent,8fd42b34-c73a-438a-8504-e72c4a91cbf4,,2025-11-19T12:37:37.926Z
cmi5zmlky000bl104hy5g8zs2,default-user,event.updated,CalendarEvent,e0c6001c-6a94-4157-9913-5974e7a00207,,2025-11-19T12:37:44.002Z
cmi5zpct6000fl104vcwfauoq,default-user,event.updated,CalendarEvent,9f5e0e2b-65cf-4d8c-8519-2dc7566dfca4,,2025-11-19T12:39:52.603Z
cmi5zpkf8000flc04ev0dg1tb,default-user,event.updated,CalendarEvent,03e3472b-09e4-48ae-aa2a-cb0e23ea6f05,,2025-11-19T12:40:02.468Z
cmi60qply0007jv04e0v0wnjt,default-user,event.updated,CalendarEvent,f5ea6088-ae2f-4e0d-9c93-5e9f46e06dd7,,2025-11-19T13:08:55.462Z
cmi60zc6k0003l2042f7nrkfd,default-user,todo.updated,Todo,cmi334xb40001l504rkujx7x5,,2025-11-19T13:15:37.965Z
cmi60zgg60007l204mi2a10uo,default-user,todo.updated,Todo,cmi5y4u4m0001l8045qtszfr8,,2025-11-19T13:15:43.495Z
cmi61jh5z0003l204h4zz5vyu,default-user,event.updated,CalendarEvent,7e28be38-fc1a-4a81-b597-405d71451152,,2025-11-19T13:31:17.544Z
cmi63gwtb0003jm048irf94ry,default-user,todo.updated,Todo,cmi3cvacc0001l804xge5xtzz,,2025-11-19T14:25:17.087Z
cmi63h88v0007jm04v4pl9vax,default-user,todo.updated,Todo,cmhuyj7sq0001jv04zgq4im43,,2025-11-19T14:25:31.903Z
cmi63hcu20001js04y5oxkd72,default-user,todo.deleted,Todo,cmhtb4wqe0011la04c1v79mvf,,2025-11-19T14:25:37.851Z
cmi698j960003jm04lzpn3g11,default-user,event.updated,CalendarEvent,49672e7d-a3d2-44d1-9ebd-21b6972f3ff4,,2025-11-19T17:06:43.948Z
cmi698m050003ju04ym1g4gph,default-user,event.updated,CalendarEvent,49672e7d-a3d2-44d1-9ebd-21b6972f3ff4,,2025-11-19T17:06:47.525Z
cmi6blu4b0003l2059se80vww,default-user,todo.updated,Todo,cmhuyjj9r0007jv04hqjcghqt,,2025-11-19T18:13:03.804Z
cmi6cz1bg0003kz04j3almd93,default-user,event.updated,CalendarEvent,2f6b13df-df52-4d2e-82f7-2dc34727b43a,,2025-11-19T18:51:19.277Z
cmi6dcjip0003ju04n4t91gej,default-user,event.updated,CalendarEvent,03e3472b-09e4-48ae-aa2a-cb0e23ea6f05,,2025-11-19T19:01:49.394Z
cmi6ddvo30003k0047bw8t9ip,default-user,event.updated,CalendarEvent,7ff7ade1-39d4-41d5-8f65-4a41d21d9697,,2025-11-19T19:02:51.795Z
cmi6ddvtj0007k004ch3v7eha,default-user,event.updated,CalendarEvent,7ff7ade1-39d4-41d5-8f65-4a41d21d9697,,2025-11-19T19:02:51.991Z
cmi6ejptc000bk004x780nutk,default-user,event.updated,CalendarEvent,9f5e0e2b-65cf-4d8c-8519-2dc7566dfca4,,2025-11-19T19:35:23.760Z
cmi6ejqmu0003l404kq5wd5jj,default-user,event.updated,CalendarEvent,7ff7ade1-39d4-41d5-8f65-4a41d21d9697,,2025-11-19T19:35:24.822Z
cmi6ek0s70007l4044qs2650s,default-user,event.updated,CalendarEvent,7ff7ade1-39d4-41d5-8f65-4a41d21d9697,,2025-11-19T19:35:37.975Z
cmi6ekcnw000dl404n9e9atd5,default-user,event.updated,CalendarEvent,7ff7ade1-39d4-41d5-8f65-4a41d21d9697,,2025-11-19T19:35:53.372Z
cmi6eklxy000hl404s4hy8hu0,default-user,event.updated,CalendarEvent,24b866af-1e08-4614-8aa5-68670e404aa1,,2025-11-19T19:36:05.399Z
cmi6p1x7i0006ii04qer7yw3f,default-user,todo.created,Todo,cmi6p1wvz0002ii04cmp0v7uu,,2025-11-20T00:29:29.310Z
cmi6p1xyc000aii044h24kkzn,default-user,todo.updated,Todo,cmi6p1wvz0002ii04cmp0v7uu,,2025-11-20T00:29:30.277Z
cmi6p2cjk0003jy04jtnijkrp,default-user,todo.updated,Todo,cmi6p1wvz0002ii04cmp0v7uu,,2025-11-20T00:29:49.184Z
cmi7cjcao0003l404fkitighv,default-user,todo.updated,Todo,cmi4vjqu90001l50427ytx188,,2025-11-20T11:26:53.185Z
cmi7cjd5x0003l204ie43wbah,default-user,todo.updated,Todo,cmi5y65e30007l504fcaxlu61,,2025-11-20T11:26:54.309Z
cmi7cjds40007l20477zgn2uk,default-user,todo.updated,Todo,cmi5y6wh0000dl504d4srgwsh,,2025-11-20T11:26:55.109Z
cmi7ckvlb0009l404h8n9s4g0,default-user,todo.created,Todo,cmi7ckvbs0005l404jzezq8pt,,2025-11-20T11:28:04.848Z
cmi7ckw8e000dl404bs4cwyzp,default-user,todo.updated,Todo,cmi7ckvbs0005l404jzezq8pt,,2025-11-20T11:28:05.678Z
cmi7fyk7r0003jp04c32vfdc6,default-user,event.updated,CalendarEvent,1523bdba-143e-4b86-a8bb-58f724d8f102,,2025-11-20T13:02:42.135Z
cmi7g05ca0003js04d9n8hriw,default-user,event.updated,CalendarEvent,1523bdba-143e-4b86-a8bb-58f724d8f102,,2025-11-20T13:03:56.171Z
cmi7g0cpz0003la0474xiq10x,default-user,event.updated,CalendarEvent,1523bdba-143e-4b86-a8bb-58f724d8f102,,2025-11-20T13:04:05.735Z
cmi7g8cpy0003jx04nfd4jrdz,default-user,todo.updated,Todo,cmhuyj7sq0001jv04zgq4im43,,2025-11-20T13:10:18.982Z
cmi7l1f3s0003jl04hccwv934,default-user,event.updated,CalendarEvent,2f267e0e-9933-47ae-b4f1-c62c145c65df,,2025-11-20T15:24:53.561Z
cmi7l2qr40003jr04cgwquws7,default-user,event.updated,CalendarEvent,03e3472b-09e4-48ae-aa2a-cb0e23ea6f05,,2025-11-20T15:25:55.312Z
cmi7l2rv20007jl04eymk8o83,default-user,event.updated,CalendarEvent,01a65541-271c-42f8-b4d3-419dc4d4ddbd,,2025-11-20T15:25:56.751Z
cmi7l2udu0007jr04zz24q7aj,default-user,event.updated,CalendarEvent,01a65541-271c-42f8-b4d3-419dc4d4ddbd,,2025-11-20T15:26:00.018Z
cmi7l2y3e000bjl04se70f0ib,default-user,event.updated,CalendarEvent,24d18ad3-e86a-4afa-abb6-0693cd14a3d8,,2025-11-20T15:26:04.826Z
cmi7l34j4000fjl043pxmgtwx,default-user,event.updated,CalendarEvent,24d18ad3-e86a-4afa-abb6-0693cd14a3d8,,2025-11-20T15:26:13.169Z
cmi7l7tn6000jjl04cptajdh8,default-user,event.updated,CalendarEvent,24d18ad3-e86a-4afa-abb6-0693cd14a3d8,,2025-11-20T15:29:52.339Z
cmi7l7ujv000bjr046uw81e8r,default-user,event.updated,CalendarEvent,01a65541-271c-42f8-b4d3-419dc4d4ddbd,,2025-11-20T15:29:53.516Z
cmi7l8hgx000fjr044u9xmgnc,default-user,event.updated,CalendarEvent,7a9dec0d-3ba0-4c0f-8af4-f9caad20ae59,,2025-11-20T15:30:23.217Z
cmi7l8m38000njl049lmwxga1,default-user,event.updated,CalendarEvent,7a9dec0d-3ba0-4c0f-8af4-f9caad20ae59,,2025-11-20T15:30:29.204Z
cmi7l8so5000rjl04d910vavt,default-user,event.updated,CalendarEvent,01a65541-271c-42f8-b4d3-419dc4d4ddbd,,2025-11-20T15:30:37.733Z
cmi7md87s000jjr044e77298o,default-user,event.updated,CalendarEvent,24d18ad3-e86a-4afa-abb6-0693cd14a3d8,,2025-11-20T16:02:04.120Z
cmi7mga5u000njr041gj4sovc,default-user,event.updated,CalendarEvent,03e3472b-09e4-48ae-aa2a-cb0e23ea6f05,,2025-11-20T16:04:26.611Z
cmi7mi4a7000rjr04rm8dv4e5,default-user,event.updated,CalendarEvent,6716a3ca-c7dd-4285-9139-4540c9f627f5,,2025-11-20T16:05:52.304Z
cmi7mik4f0003ih04bhsjabeb,default-user,event.updated,CalendarEvent,6716a3ca-c7dd-4285-9139-4540c9f627f5,,2025-11-20T16:06:12.832Z
cmi7ml79q000vjr04pojiu64k,default-user,event.updated,CalendarEvent,765862a0-bf7a-46c0-a771-1338041446ba,,2025-11-20T16:08:16.142Z
cmi7mlpzm000zjr04lujhbpzc,default-user,event.updated,CalendarEvent,e0c6001c-6a94-4157-9913-5974e7a00207,,2025-11-20T16:08:40.403Z
cmi7mmv780015jr046vmt9k8b,default-user,event.updated,CalendarEvent,14f70f46-b32e-416e-bb66-17531dfb5de9,,2025-11-20T16:09:33.812Z
cmi7o50170003jo04ah0dehfg,default-user,todo.updated,Todo,cmi3jwqgc0001l804t9qk4yvt,,2025-11-20T16:51:39.500Z
cmi7o550i0001ky04chukh3es,default-user,todo.deleted,Todo,cmht6kj6d000ljm04v1ek59ua,,2025-11-20T16:51:45.955Z
cmi84qx4w0005kz04oy78ozgt,default-user,todo.created,Todo,cmi84qwuz0001kz04k9xowwab,,2025-11-21T00:36:36.032Z
cmi84qy4v0003i504c5ny0k3q,default-user,todo.updated,Todo,cmi84qwuz0001kz04k9xowwab,,2025-11-21T00:36:37.328Z
cmi84r2dq0005l7046pwuyyx8,default-user,todo.created,Todo,cmi84r24g0001l704iz0r4w49,,2025-11-21T00:36:42.831Z
cmi84r3210009l704s9kpq6ts,default-user,todo.updated,Todo,cmi84r24g0001l704iz0r4w49,,2025-11-21T00:36:43.706Z
cmi862idl0005l804nmh0oo78,default-user,todo.created,Todo,cmi862i570001l80472585cim,,2025-11-21T01:13:36.394Z
cmi862j190009l80406yy04sb,default-user,todo.updated,Todo,cmi862i570001l80472585cim,,2025-11-21T01:13:37.246Z
cmi8s0uzg0003l704k4lvt15g,default-user,todo.updated,Todo,cmi5y5w0h0001l504bu74jbvp,,2025-11-21T11:28:10.973Z
cmi8s0wum0003l404conhqb2o,default-user,todo.updated,Todo,cmi7ckvbs0005l404jzezq8pt,,2025-11-21T11:28:13.390Z
cmi8vbms10005jy047zmvi4gp,default-user,event.updated,CalendarEvent,a612c967-66d0-4a54-9522-1ae28b0076aa,,2025-11-21T13:00:32.401Z
cmi8vctl00009jy041mqzem3f,default-user,event.updated,CalendarEvent,1523bdba-143e-4b86-a8bb-58f724d8f102,,2025-11-21T13:01:27.876Z
cmi8vcv2h0003jn0427uky1p0,default-user,event.updated,CalendarEvent,9557b366-8b31-44c7-907e-ddddfc7e9be2,,2025-11-21T13:01:29.802Z
cmi8vd362000djy04wlv4amv2,default-user,event.updated,CalendarEvent,9557b366-8b31-44c7-907e-ddddfc7e9be2,,2025-11-21T13:01:40.298Z
cmi8vj2uy000hjy042v7dvmpo,default-user,event.updated,CalendarEvent,a612c967-66d0-4a54-9522-1ae28b0076aa,,2025-11-21T13:06:19.834Z
cmi8vko5s000ljy04gei3kqda,default-user,event.updated,CalendarEvent,8acfb655-e12b-4d09-94f0-c74ef759632e,,2025-11-21T13:07:34.096Z
cmi8vltze000pjy04j72ea4j5,default-user,event.updated,CalendarEvent,a612c967-66d0-4a54-9522-1ae28b0076aa,,2025-11-21T13:08:28.298Z
cmi8vm3w20007jn04dpvl92xr,default-user,event.updated,CalendarEvent,a612c967-66d0-4a54-9522-1ae28b0076aa,,2025-11-21T13:08:41.138Z
cmi8vmel0000tjy042xyapwm5,default-user,event.updated,CalendarEvent,a612c967-66d0-4a54-9522-1ae28b0076aa,,2025-11-21T13:08:54.997Z
cmi8vmi15000xjy04s6zibnmk,default-user,event.updated,CalendarEvent,a612c967-66d0-4a54-9522-1ae28b0076aa,,2025-11-21T13:08:59.465Z
cmi8vmkrz0011jy04kkzw719a,default-user,event.updated,CalendarEvent,a612c967-66d0-4a54-9522-1ae28b0076aa,,2025-11-21T13:09:03.023Z
cmi8w51fc0005jv04hjsoctz6,default-user,todo.created,Todo,cmi8w51680001jv040g08emty,,2025-11-21T13:23:24.408Z
cmi8w522n0009jv0464kx2dt5,default-user,todo.updated,Todo,cmi8w51680001jv040g08emty,,2025-11-21T13:23:25.248Z
cmi8w55mx000bjv04ji902gio,default-user,todo.deleted,Todo,cmhm0v7830006kv0442kb2dwm,,2025-11-21T13:23:29.865Z
cmi8w55qd0003jj04qakz870r,default-user,todo.updated,Todo,cmi8w51680001jv040g08emty,,2025-11-21T13:23:29.990Z
cmi8w5cz30009jj04emh2k5yp,default-user,todo.created,Todo,cmi8w5cpl0005jj04xn1tqvhu,,2025-11-21T13:23:39.376Z
cmi8w5dlk0015jy04482dubbc,default-user,todo.updated,Todo,cmi8w5cpl0005jj04xn1tqvhu,,2025-11-21T13:23:40.185Z
cmi92mxzk0003ib04auatmyrf,default-user,todo.updated,Todo,cmi8w51680001jv040g08emty,,2025-11-21T16:25:17.457Z
cmi92n0360007ib0481juw6nf,default-user,todo.updated,Todo,cmi84qwuz0001kz04k9xowwab,,2025-11-21T16:25:20.178Z
cmi92n1qi0003kz0454d7gdw7,default-user,todo.updated,Todo,cmi84r24g0001l704iz0r4w49,,2025-11-21T16:25:22.315Z
cmi92n5fu0007kz04vq1umo0n,default-user,todo.updated,Todo,cmi3deoll0005ky04dawvuuhl,,2025-11-21T16:25:27.115Z
cmi92n6wv000bkz04u8ztsukw,default-user,todo.updated,Todo,cmi3cvacc0001l804xge5xtzz,,2025-11-21T16:25:29.024Z
cmi9is1p70005ky04i42fks9l,default-user,todo.created,Todo,cmi9is1dv0001ky046ec7b61j,,2025-11-21T23:57:09.403Z
cmi9is2bt0003l104vivhx53e,default-user,todo.updated,Todo,cmi9is1dv0001ky046ec7b61j,,2025-11-21T23:57:10.217Z
cmi9jf0x00005jy04dulilvj5,default-user,todo.created,Todo,cmi9jf0m70001jy04aefpzm4g,,2025-11-22T00:15:01.477Z
cmi9jf1j30009jy04n5ca8t28,default-user,todo.updated,Todo,cmi9jf0m70001jy04aefpzm4g,,2025-11-22T00:15:02.271Z