id,planId,taskId,userId,type,meta,createdAt
cmhdik4xv0001s9q0ab657n2l,cmhbybvsq0000s9wnicnvj6md,,system,BUCKET_UPDATED,"{""fields"":[""name""],""bucketId"":""cmhbybvv70002s9wnyl652n5m""}",2025-10-30T14:22:22.724Z
cmhhyjwvm0001s9dghszlinch,cmhbybvsq0000s9wnicnvj6md,,system,BUCKET_DELETED,"{""name"":""In progress"",""bucketId"":""cmhbybw3y0006s9wni3dw2kfx""}",2025-11-02T17:01:10.834Z
cmhhyjyxr0003s9dgmq1uhgw2,cmhbybvsq0000s9wnicnvj6md,,system,BUCKET_DELETED,"{""name"":""Done"",""bucketId"":""cmhbybw390004s9wn21wmvmwr""}",2025-11-02T17:01:13.504Z
cmhhylv1w000ls9dg94kvs75f,cmhbybvsq0000s9wnicnvj6md,cmhhyluys000js9dg2xls1ri7,system,TASK_CREATED,"{""title"":""E8T44""}",2025-11-02T17:02:41.781Z
cmhhylwxr000ns9dgjo0377ba,cmhbybvsq0000s9wnicnvj6md,cmhhyluys000js9dg2xls1ri7,system,TASK_UPDATED,"{""changes"":[""title"",""description"",""priority"",""progress"",""startAt"",""dueAt""]}",2025-11-02T17:02:44.223Z
cmhhytkps0001s9va2d3kcpq5,cmhbybvsq0000s9wnicnvj6md,cmhhyluys000js9dg2xls1ri7,system,TASK_UPDATED,"{""changes"":[""title"",""description"",""priority"",""progress"",""startAt"",""dueAt""]}",2025-11-02T17:08:41.632Z
cmhhz6n7v0001s9c1t54q5tgi,cmhbybvsq0000s9wnicnvj6md,cmhhyluys000js9dg2xls1ri7,system,TASK_UPDATED,"{""changes"":[""title"",""description"",""priority"",""progress"",""startAt"",""dueAt""]}",2025-11-02T17:18:51.404Z
cmhhz8g7z0005s9c1ederj4gt,cmhbybvsq0000s9wnicnvj6md,,system,BUCKET_CREATED,"{""name"":""Alston Construction"",""bucketId"":""cmhhz8g3x0003s9c17319v6c6""}",2025-11-02T17:20:15.648Z
cmhhz8m0i0009s9c10lqm4kqr,cmhbybvsq0000s9wnicnvj6md,cmhhz8lx50007s9c1rjqia099,system,TASK_CREATED,"{""title"":""Sky Harbour""}",2025-11-02T17:20:23.155Z
cmhhz8nyk000bs9c15dgsw8b9,cmhbybvsq0000s9wnicnvj6md,cmhhz8lx50007s9c1rjqia099,system,TASK_UPDATED,"{""changes"":[""title"",""description"",""priority"",""progress"",""startAt"",""dueAt""]}",2025-11-02T17:20:25.677Z
cmhhz8q1j000ds9c1tjja4urn,cmhbybvsq0000s9wnicnvj6md,cmhhz8lx50007s9c1rjqia099,system,TASK_UPDATED,"{""changes"":[""title"",""description"",""priority"",""progress"",""startAt"",""dueAt""]}",2025-11-02T17:20:28.376Z
cmhhz9d45000hs9c1017b1fp3,cmhbybvsq0000s9wnicnvj6md,cmhhz8lx50007s9c1rjqia099,system,CHECKLIST_ADDED,"{""title"":""Meet with Sebastian to discuss layout of gates and fence""}",2025-11-02T17:20:58.278Z
cmhhzcfwy0001s9s0ucw7jobs,cmhbybvsq0000s9wnicnvj6md,cmhhz8lx50007s9c1rjqia099,system,TASK_UPDATED,"{""changes"":[""title"",""description"",""priority"",""progress"",""startAt"",""dueAt""]}",2025-11-02T17:23:21.874Z
cmhhzgj6h0003s9s086r8c8vi,cmhbybvsq0000s9wnicnvj6md,cmhhz8lx50007s9c1rjqia099,system,TASK_UPDATED,"{""changes"":[""title"",""description"",""priority"",""progress"",""startAt"",""dueAt""]}",2025-11-02T17:26:32.730Z
cmhhzj4js0001s95zk481lhsr,cmhbybvsq0000s9wnicnvj6md,cmhhz8lx50007s9c1rjqia099,system,TASK_UPDATED,"{""changes"":[""title"",""description"",""priority"",""progress"",""startAt"",""dueAt""]}",2025-11-02T17:28:33.737Z
cmhhzm9vr0001s9ixmw3upwyh,cmhbybvsq0000s9wnicnvj6md,cmhhyluys000js9dg2xls1ri7,system,TASK_UPDATED,"{""changes"":[""title"",""description"",""priority"",""progress"",""startAt"",""dueAt""]}",2025-11-02T17:31:00.615Z
cmhhzmfxf0003s9ixa0q5bow2,cmhbybvsq0000s9wnicnvj6md,cmhhyluys000js9dg2xls1ri7,system,TASK_UPDATED,"{""changes"":[""title"",""description"",""priority"",""progress"",""startAt"",""dueAt""]}",2025-11-02T17:31:08.451Z
cmhhzt7ph0001s9xe80b25i1o,cmhbybvsq0000s9wnicnvj6md,cmhhz8lx50007s9c1rjqia099,system,TASK_UPDATED,"{""changes"":[""title"",""description"",""priority"",""progress"",""startAt"",""dueAt""]}",2025-11-02T17:36:24.389Z
cmhhzwjqm0001s99ur0gm2ony,cmhbybvsq0000s9wnicnvj6md,cmhhz8lx50007s9c1rjqia099,system,TASK_UPDATED,"{""changes"":[""title"",""description"",""priority"",""progress"",""startAt"",""dueAt""]}",2025-11-02T17:38:59.950Z
cmhi0gbgs0001l104zryt2q03,cmhbybvsq0000s9wnicnvj6md,cmhhyluys000js9dg2xls1ri7,system,TASK_UPDATED,"{""changes"":[""title"",""description"",""priority"",""progress"",""startAt"",""dueAt""]}",2025-11-02T17:54:22.347Z
cmhi0h05c0001l4043j6y7dza,cmhbybvsq0000s9wnicnvj6md,cmhhz8lx50007s9c1rjqia099,system,TASK_UPDATED,"{""changes"":[""title"",""description"",""priority"",""progress"",""startAt"",""dueAt""]}",2025-11-02T17:54:54.335Z
cmhi0i2yb0003l404bzsn5l1q,cmhbybvsq0000s9wnicnvj6md,cmhhyluys000js9dg2xls1ri7,system,TASK_UPDATED,"{""changes"":[""title"",""description"",""priority"",""progress"",""startAt"",""dueAt""]}",2025-11-02T17:55:44.627Z
cmhi0v7bj0001ic04hirgv5n0,cmhbybvsq0000s9wnicnvj6md,cmhhyluys000js9dg2xls1ri7,system,TASK_UPDATED,"{""changes"":[""title"",""description"",""priority"",""progress"",""startAt"",""dueAt""]}",2025-11-02T18:05:56.814Z
cmhi0w8z90001jp04fs4k5oj8,cmhbybvsq0000s9wnicnvj6md,cmhhyluys000js9dg2xls1ri7,system,TASK_UPDATED,"{""changes"":[""title"",""description"",""priority"",""progress"",""startAt"",""dueAt""]}",2025-11-02T18:06:45.620Z
cmhi1coc20001s9zlwvwcec5z,cmhbybvsq0000s9wnicnvj6md,cmhhyluys000js9dg2xls1ri7,system,TASK_UPDATED,"{""changes"":[""title"",""description"",""priority"",""progress"",""startAt"",""dueAt""]}",2025-11-02T18:19:32.019Z
cmhj4d5wh0001la048ttpdgvc,cmhbybvsq0000s9wnicnvj6md,cmhhz8lx50007s9c1rjqia099,system,TASK_UPDATED,"{""changes"":[""title"",""description"",""priority"",""progress"",""startAt"",""dueAt""]}",2025-11-03T12:31:39.808Z
cmhj4i3ja0005la041lajlhlu,cmhbybvsq0000s9wnicnvj6md,,system,BUCKET_CREATED,"{""name"":""CH Global"",""bucketId"":""cmhj4i3hb0003la04xjq91kqi""}",2025-11-03T12:35:30.022Z
cmhj4ieqh0009la04lfcxh1hy,cmhbybvsq0000s9wnicnvj6md,cmhj4iepo0007la04vw94fv6l,system,TASK_CREATED,"{""title"":""Horizon North Apartments""}",2025-11-03T12:35:44.537Z
cmhj4ig18000bla04xavybacx,cmhbybvsq0000s9wnicnvj6md,cmhj4iepo0007la04vw94fv6l,system,TASK_UPDATED,"{""changes"":[""title"",""description"",""priority"",""progress"",""startAt"",""dueAt""]}",2025-11-03T12:35:46.220Z
cmhj4ijks000fla04s2wrt2gb,cmhbybvsq0000s9wnicnvj6md,cmhj4iepo0007la04vw94fv6l,demo-user,COMMENT_ADDED,{},2025-11-03T12:35:50.812Z
cmhj4iocz000jla04syj6p33o,cmhbybvsq0000s9wnicnvj6md,cmhj4iepo0007la04vw94fv6l,system,CHECKLIST_ADDED,"{""title"":""Meet with them""}",2025-11-03T12:35:57.011Z
cmhj4ir8n0001jm04145jt6gm,cmhbybvsq0000s9wnicnvj6md,cmhj4iepo0007la04vw94fv6l,system,CHECKLIST_UPDATED,"{""itemId"":""cmhj4iobu000hla04bvf1yhrj""}",2025-11-03T12:36:00.739Z
cmhj4irb50003jm04vmslbz52,cmhbybvsq0000s9wnicnvj6md,cmhj4iepo0007la04vw94fv6l,system,CHECKLIST_UPDATED,"{""itemId"":""cmhj4iobu000hla04bvf1yhrj""}",2025-11-03T12:36:00.833Z
cmhj4ire60005jm04kkwr7jn3,cmhbybvsq0000s9wnicnvj6md,cmhj4iepo0007la04vw94fv6l,system,CHECKLIST_UPDATED,"{""itemId"":""cmhj4iobu000hla04bvf1yhrj""}",2025-11-03T12:36:00.843Z
cmhj4irrh0001l204acen33tw,cmhbybvsq0000s9wnicnvj6md,cmhj4iepo0007la04vw94fv6l,system,CHECKLIST_UPDATED,"{""itemId"":""cmhj4iobu000hla04bvf1yhrj""}",2025-11-03T12:36:01.414Z
cmhj4irs10001jr047s971qii,cmhbybvsq0000s9wnicnvj6md,cmhj4iepo0007la04vw94fv6l,system,CHECKLIST_UPDATED,"{""itemId"":""cmhj4iobu000hla04bvf1yhrj""}",2025-11-03T12:36:01.437Z
cmhj4irtj0003jr045hnerb94,cmhbybvsq0000s9wnicnvj6md,cmhj4iepo0007la04vw94fv6l,system,CHECKLIST_UPDATED,"{""itemId"":""cmhj4iobu000hla04bvf1yhrj""}",2025-11-03T12:36:01.496Z
cmhj4irz60001l404ptgkb3hm,cmhbybvsq0000s9wnicnvj6md,cmhj4iepo0007la04vw94fv6l,system,CHECKLIST_UPDATED,"{""itemId"":""cmhj4iobu000hla04bvf1yhrj""}",2025-11-03T12:36:01.694Z
cmhj4is3j0001jp04a4dwdy8e,cmhbybvsq0000s9wnicnvj6md,cmhj4iepo0007la04vw94fv6l,system,CHECKLIST_UPDATED,"{""itemId"":""cmhj4iobu000hla04bvf1yhrj""}",2025-11-03T12:36:01.851Z
cmhj4is3g0001l504poyiizr3,cmhbybvsq0000s9wnicnvj6md,cmhj4iepo0007la04vw94fv6l,system,CHECKLIST_UPDATED,"{""itemId"":""cmhj4iobu000hla04bvf1yhrj""}",2025-11-03T12:36:01.851Z
cmhj4is6c0003jp0448a9q7d4,cmhbybvsq0000s9wnicnvj6md,cmhj4iepo0007la04vw94fv6l,system,CHECKLIST_UPDATED,"{""itemId"":""cmhj4iobu000hla04bvf1yhrj""}",2025-11-03T12:36:01.957Z
cmhj4iscq0001l704c75wkwse,cmhbybvsq0000s9wnicnvj6md,cmhj4iepo0007la04vw94fv6l,system,CHECKLIST_UPDATED,"{""itemId"":""cmhj4iobu000hla04bvf1yhrj""}",2025-11-03T12:36:02.182Z
cmhj4isxs0001jr04kv5wj5o4,cmhbybvsq0000s9wnicnvj6md,cmhj4iepo0007la04vw94fv6l,system,CHECKLIST_UPDATED,"{""itemId"":""cmhj4iobu000hla04bvf1yhrj""}",2025-11-03T12:36:02.943Z
cmhj4itew0003jr04g8sj29nx,cmhbybvsq0000s9wnicnvj6md,cmhj4iepo0007la04vw94fv6l,system,CHECKLIST_UPDATED,"{""itemId"":""cmhj4iobu000hla04bvf1yhrj""}",2025-11-03T12:36:03.560Z
cmhj4ituy0001jp04lkkw5ygi,cmhbybvsq0000s9wnicnvj6md,cmhj4iepo0007la04vw94fv6l,system,CHECKLIST_UPDATED,"{""itemId"":""cmhj4iobu000hla04bvf1yhrj""}",2025-11-03T12:36:04.138Z
cmhj4jq6c0005jr044dgh0oeu,cmhbybvsq0000s9wnicnvj6md,cmhj4iepo0007la04vw94fv6l,system,CHECKLIST_UPDATED,"{""itemId"":""cmhj4iobu000hla04bvf1yhrj""}",2025-11-03T12:36:46.021Z
cmhj4jqdr0003jp04z16qvd3i,cmhbybvsq0000s9wnicnvj6md,cmhj4iepo0007la04vw94fv6l,system,CHECKLIST_UPDATED,"{""itemId"":""cmhj4iobu000hla04bvf1yhrj""}",2025-11-03T12:36:46.287Z
cmhj4jqh40005jp046n0qgok1,cmhbybvsq0000s9wnicnvj6md,cmhj4iepo0007la04vw94fv6l,system,CHECKLIST_UPDATED,"{""itemId"":""cmhj4iobu000hla04bvf1yhrj""}",2025-11-03T12:36:46.409Z
cmhj4jqlu0003l704n03pclpm,cmhbybvsq0000s9wnicnvj6md,cmhj4iepo0007la04vw94fv6l,system,CHECKLIST_UPDATED,"{""itemId"":""cmhj4iobu000hla04bvf1yhrj""}",2025-11-03T12:36:46.578Z
cmhj4jqrt0007jr040wtn544t,cmhbybvsq0000s9wnicnvj6md,cmhj4iepo0007la04vw94fv6l,system,CHECKLIST_UPDATED,"{""itemId"":""cmhj4iobu000hla04bvf1yhrj""}",2025-11-03T12:36:46.793Z
cmhj4jqw30009jr04zzmn7az8,cmhbybvsq0000s9wnicnvj6md,cmhj4iepo0007la04vw94fv6l,system,CHECKLIST_UPDATED,"{""itemId"":""cmhj4iobu000hla04bvf1yhrj""}",2025-11-03T12:36:46.947Z
cmhj4jr05000bjr04ydijpqva,cmhbybvsq0000s9wnicnvj6md,cmhj4iepo0007la04vw94fv6l,system,CHECKLIST_UPDATED,"{""itemId"":""cmhj4iobu000hla04bvf1yhrj""}",2025-11-03T12:36:47.094Z
cmhj4jrfv000djr0499qzrq5r,cmhbybvsq0000s9wnicnvj6md,cmhj4iepo0007la04vw94fv6l,system,CHECKLIST_UPDATED,"{""itemId"":""cmhj4iobu000hla04bvf1yhrj""}",2025-11-03T12:36:47.660Z
cmhj4jrjl000fjr04077fm4j9,cmhbybvsq0000s9wnicnvj6md,cmhj4iepo0007la04vw94fv6l,system,CHECKLIST_UPDATED,"{""itemId"":""cmhj4iobu000hla04bvf1yhrj""}",2025-11-03T12:36:47.794Z
cmhj4jrug0005l704754yz3jp,cmhbybvsq0000s9wnicnvj6md,cmhj4iepo0007la04vw94fv6l,system,CHECKLIST_UPDATED,"{""itemId"":""cmhj4iobu000hla04bvf1yhrj""}",2025-11-03T12:36:48.184Z
cmhj4jsaw000hjr04l33xbqaa,cmhbybvsq0000s9wnicnvj6md,cmhj4iepo0007la04vw94fv6l,system,CHECKLIST_UPDATED,"{""itemId"":""cmhj4iobu000hla04bvf1yhrj""}",2025-11-03T12:36:48.777Z
cmhj4jt0p000jjr04osm6ti9m,cmhbybvsq0000s9wnicnvj6md,cmhj4iepo0007la04vw94fv6l,system,CHECKLIST_UPDATED,"{""itemId"":""cmhj4iobu000hla04bvf1yhrj""}",2025-11-03T12:36:49.705Z
cmhj4jun40007l70421oj8d4e,cmhbybvsq0000s9wnicnvj6md,cmhj4iepo0007la04vw94fv6l,system,CHECKLIST_UPDATED,"{""itemId"":""cmhj4iobu000hla04bvf1yhrj""}",2025-11-03T12:36:51.809Z
cmhj4juy80009l7046soyo964,cmhbybvsq0000s9wnicnvj6md,cmhj4iepo0007la04vw94fv6l,system,CHECKLIST_UPDATED,"{""itemId"":""cmhj4iobu000hla04bvf1yhrj""}",2025-11-03T12:36:52.208Z
cmhj4jv6e000ljr0462xlhywn,cmhbybvsq0000s9wnicnvj6md,cmhj4iepo0007la04vw94fv6l,system,CHECKLIST_UPDATED,"{""itemId"":""cmhj4iobu000hla04bvf1yhrj""}",2025-11-03T12:36:52.502Z
cmhj4jvbl000bl704ce6jbtz7,cmhbybvsq0000s9wnicnvj6md,cmhj4iepo0007la04vw94fv6l,system,CHECKLIST_UPDATED,"{""itemId"":""cmhj4iobu000hla04bvf1yhrj""}",2025-11-03T12:36:52.689Z
cmhj4jvh4000njr047brcp4zw,cmhbybvsq0000s9wnicnvj6md,cmhj4iepo0007la04vw94fv6l,system,CHECKLIST_UPDATED,"{""itemId"":""cmhj4iobu000hla04bvf1yhrj""}",2025-11-03T12:36:52.888Z
cmhj4jvrf000dl704aakoanva,cmhbybvsq0000s9wnicnvj6md,cmhj4iepo0007la04vw94fv6l,system,CHECKLIST_UPDATED,"{""itemId"":""cmhj4iobu000hla04bvf1yhrj""}",2025-11-03T12:36:53.259Z
cmhj4jwe1000pjr04u5p64cro,cmhbybvsq0000s9wnicnvj6md,cmhj4iepo0007la04vw94fv6l,system,CHECKLIST_UPDATED,"{""itemId"":""cmhj4iobu000hla04bvf1yhrj""}",2025-11-03T12:36:54.074Z
cmhj4jwhv000rjr04rewgrb62,cmhbybvsq0000s9wnicnvj6md,cmhj4iepo0007la04vw94fv6l,system,CHECKLIST_UPDATED,"{""itemId"":""cmhj4iobu000hla04bvf1yhrj""}",2025-11-03T12:36:54.211Z
cmhj4jwoj000tjr044u8b6zml,cmhbybvsq0000s9wnicnvj6md,cmhj4iepo0007la04vw94fv6l,system,CHECKLIST_UPDATED,"{""itemId"":""cmhj4iobu000hla04bvf1yhrj""}",2025-11-03T12:36:54.451Z
cmhj4jxjd000fl7048xfv4xql,cmhbybvsq0000s9wnicnvj6md,cmhj4iepo0007la04vw94fv6l,system,CHECKLIST_UPDATED,"{""itemId"":""cmhj4iobu000hla04bvf1yhrj""}",2025-11-03T12:36:55.561Z
cmhj4jy34000vjr04syk0u1tt,cmhbybvsq0000s9wnicnvj6md,cmhj4iepo0007la04vw94fv6l,system,CHECKLIST_UPDATED,"{""itemId"":""cmhj4iobu000hla04bvf1yhrj""}",2025-11-03T12:36:56.272Z
cmhj4jyaj000hl704cijfm7mr,cmhbybvsq0000s9wnicnvj6md,cmhj4iepo0007la04vw94fv6l,system,CHECKLIST_UPDATED,"{""itemId"":""cmhj4iobu000hla04bvf1yhrj""}",2025-11-03T12:36:56.540Z
cmhj4jye00007jp0459lfwgbb,cmhbybvsq0000s9wnicnvj6md,cmhj4iepo0007la04vw94fv6l,system,CHECKLIST_UPDATED,"{""itemId"":""cmhj4iobu000hla04bvf1yhrj""}",2025-11-03T12:36:56.665Z
cmhj4jymw0009jp04dfs3sbwk,cmhbybvsq0000s9wnicnvj6md,cmhj4iepo0007la04vw94fv6l,system,CHECKLIST_UPDATED,"{""itemId"":""cmhj4iobu000hla04bvf1yhrj""}",2025-11-03T12:36:56.985Z
cmhj4jzb6000jl704g9xo45s1,cmhbybvsq0000s9wnicnvj6md,cmhj4iepo0007la04vw94fv6l,system,CHECKLIST_UPDATED,"{""itemId"":""cmhj4iobu000hla04bvf1yhrj""}",2025-11-03T12:36:57.859Z
cmhj4jzhf000bjp04myxtkciu,cmhbybvsq0000s9wnicnvj6md,cmhj4iepo0007la04vw94fv6l,system,CHECKLIST_UPDATED,"{""itemId"":""cmhj4iobu000hla04bvf1yhrj""}",2025-11-03T12:36:58.083Z
cmhj4jzp3000djp04buab0d7i,cmhbybvsq0000s9wnicnvj6md,cmhj4iepo0007la04vw94fv6l,system,CHECKLIST_UPDATED,"{""itemId"":""cmhj4iobu000hla04bvf1yhrj""}",2025-11-03T12:36:58.360Z
cmhj4jzv9000ll7043qxgu8qy,cmhbybvsq0000s9wnicnvj6md,cmhj4iepo0007la04vw94fv6l,system,CHECKLIST_UPDATED,"{""itemId"":""cmhj4iobu000hla04bvf1yhrj""}",2025-11-03T12:36:58.581Z
cmhj4k05s000fjp04jjrddois,cmhbybvsq0000s9wnicnvj6md,cmhj4iepo0007la04vw94fv6l,system,CHECKLIST_UPDATED,"{""itemId"":""cmhj4iobu000hla04bvf1yhrj""}",2025-11-03T12:36:58.960Z
cmhj4t7020007jp04z6xz6huy,cmhbybvsq0000s9wnicnvj6md,,system,BUCKET_CREATED,"{""name"":""Weekely Asphalt"",""bucketId"":""cmhj4t6z20005jp046voxy9q4""}",2025-11-03T12:44:07.730Z
cmhj4ufnx000bjp04pugufugf,cmhbybvsq0000s9wnicnvj6md,cmhj4ufmu0009jp04g60xle0k,system,TASK_CREATED,"{""title"":""Tech Village""}",2025-11-03T12:45:05.613Z
cmhj4ugs90001l204d15ectjq,cmhbybvsq0000s9wnicnvj6md,cmhj4ufmu0009jp04g60xle0k,system,TASK_UPDATED,"{""changes"":[""title"",""description"",""priority"",""progress"",""startAt"",""dueAt""]}",2025-11-03T12:45:07.063Z
cmhj4unyd0005l20434v1c8kl,cmhbybvsq0000s9wnicnvj6md,cmhj4ufmu0009jp04g60xle0k,system,CHECKLIST_ADDED,"{""title"":""Meet with Mike Curry""}",2025-11-03T12:45:16.357Z
cmhj6uvra0005ie04we4sshg4,cmhbybvsq0000s9wnicnvj6md,,system,BUCKET_CREATED,"{""name"":""Archer Western"",""bucketId"":""cmhj6uvq90003ie04d7mzo6mn""}",2025-11-03T13:41:25.703Z
cmhj6v1do0009ie04u4vb24ii,cmhbybvsq0000s9wnicnvj6md,cmhj6v1co0007ie04qyfmkg3a,system,TASK_CREATED,"{""title"":""836 Signature Bridge""}",2025-11-03T13:41:32.988Z
cmhj6v2ir000bie045xxvqeto,cmhbybvsq0000s9wnicnvj6md,cmhj6v1co0007ie04qyfmkg3a,system,TASK_UPDATED,"{""changes"":[""title"",""description"",""priority"",""progress"",""startAt"",""dueAt""]}",2025-11-03T13:41:34.467Z
cmhj6vag9000fie0460fhdynh,cmhbybvsq0000s9wnicnvj6md,cmhj6v1co0007ie04qyfmkg3a,system,CHECKLIST_ADDED,"{""title"":""Meet with Justin for I-95 SB areas""}",2025-11-03T13:41:44.745Z
cmhj7tt000001ju048h2pzand,cmhbybvsq0000s9wnicnvj6md,cmhhyluys000js9dg2xls1ri7,system,TASK_UPDATED,"{""changes"":[""title"",""description"",""priority"",""progress"",""startAt"",""dueAt""]}",2025-11-03T14:08:35.087Z
cmhj7ttwy0003ju04mgx3ioer,cmhbybvsq0000s9wnicnvj6md,cmhhz8lx50007s9c1rjqia099,system,TASK_UPDATED,"{""changes"":[""title"",""description"",""priority"",""progress"",""startAt"",""dueAt""]}",2025-11-03T14:08:36.275Z
cmhj7tulf0005ju04rwl5k3to,cmhbybvsq0000s9wnicnvj6md,cmhj4iepo0007la04vw94fv6l,system,TASK_UPDATED,"{""changes"":[""title"",""description"",""priority"",""progress"",""startAt"",""dueAt""]}",2025-11-03T14:08:37.155Z
cmhj7tvde0007ju04d0hufi7n,cmhbybvsq0000s9wnicnvj6md,cmhj4ufmu0009jp04g60xle0k,system,TASK_UPDATED,"{""changes"":[""title"",""description"",""priority"",""progress"",""startAt"",""dueAt""]}",2025-11-03T14:08:38.162Z
cmhj7tw1y0009ju04cuj82hmm,cmhbybvsq0000s9wnicnvj6md,cmhj6v1co0007ie04qyfmkg3a,system,TASK_UPDATED,"{""changes"":[""title"",""description"",""priority"",""progress"",""startAt"",""dueAt""]}",2025-11-03T14:08:39.047Z
cmhj7u84u000dju044ww3kz2s,cmhbybvsq0000s9wnicnvj6md,,system,BUCKET_CREATED,"{""name"":""Horizon Contractors"",""bucketId"":""cmhj7u83w000bju04prsvb115""}",2025-11-03T14:08:54.702Z
cmhj7uert000hju04vco2tdfl,cmhbybvsq0000s9wnicnvj6md,cmhj7ueqx000fju04ehmi35ag,system,TASK_CREATED,"{""title"":""T4551""}",2025-11-03T14:09:03.305Z
cmhj7ufqj000jju04v7nws1gg,cmhbybvsq0000s9wnicnvj6md,cmhj7ueqx000fju04ehmi35ag,system,TASK_UPDATED,"{""changes"":[""title"",""description"",""priority"",""progress"",""startAt"",""dueAt""]}",2025-11-03T14:09:04.555Z
cmhj7utwo000nju046h43rwls,cmhbybvsq0000s9wnicnvj6md,cmhj7ueqx000fju04ehmi35ag,system,CHECKLIST_ADDED,"{""title"":""Have Mike take rest of the material to the their yard""}",2025-11-03T14:09:22.920Z
cmhj8jooy0007i604dr328kf0,cmhbybvsq0000s9wnicnvj6md,,system,BUCKET_CREATED,"{""name"":""Yard"",""bucketId"":""cmhj8joo30005i6042xeyf68l""}",2025-11-03T14:28:42.562Z
cmhj8jrz9000bi604p7cqi353,cmhbybvsq0000s9wnicnvj6md,cmhj8jrye0009i6043vzf3q5g,system,TASK_CREATED,"{""title"":""Gates""}",2025-11-03T14:28:46.821Z
cmhj8jt45000di604s1i4p4dn,cmhbybvsq0000s9wnicnvj6md,cmhj8jrye0009i6043vzf3q5g,system,TASK_UPDATED,"{""changes"":[""title"",""description"",""priority"",""progress"",""startAt"",""dueAt""]}",2025-11-03T14:28:48.293Z
cmhj8k34i000hi604iivvdfbw,cmhbybvsq0000s9wnicnvj6md,cmhj8jrye0009i6043vzf3q5g,system,CHECKLIST_ADDED,"{""title"":""Central Civil NDWWTP: 27 Double swing 8' gate""}",2025-11-03T14:29:01.267Z
cmhj8kckj0003ky04mvqis0wo,cmhbybvsq0000s9wnicnvj6md,cmhj8jrye0009i6043vzf3q5g,system,CHECKLIST_ADDED,"{""title"":""GGI T6413: 5' open single swing gate""}",2025-11-03T14:29:13.507Z
cmhj8kkmr000li604outzy9bj,cmhbybvsq0000s9wnicnvj6md,cmhj8jrye0009i6043vzf3q5g,system,CHECKLIST_ADDED,"{""title"":""Trans Florida LS:""}",2025-11-03T14:29:23.956Z
cmhj8kp1g0007ky04jhhc0vsb,cmhbybvsq0000s9wnicnvj6md,cmhj8jrye0009i6043vzf3q5g,system,CHECKLIST_ADDED,"{""title"":""Downrite LS:""}",2025-11-03T14:29:29.669Z
cmhj8lnmk0001ju0478otkfo5,cmhbybvsq0000s9wnicnvj6md,cmhj8jrye0009i6043vzf3q5g,system,TASK_UPDATED,"{""changes"":[""title"",""description"",""priority"",""progress"",""startAt"",""dueAt""]}",2025-11-03T14:30:14.491Z
cmhj8n1lx0005ju049h5iabl9,cmhbybvsq0000s9wnicnvj6md,cmhj8jrye0009i6043vzf3q5g,system,CHECKLIST_ADDED,"{""title"":""Stock: Pipe Rail Transitions""}",2025-11-03T14:31:19.270Z
cmhj8pvf90001jo04vrxidkl4,cmhbybvsq0000s9wnicnvj6md,cmhhyluys000js9dg2xls1ri7,system,TASK_UPDATED,"{""changes"":[""title"",""description"",""priority"",""progress"",""startAt"",""dueAt""]}",2025-11-03T14:33:31.220Z
cmhj8q6ht0005jo048ea4judy,cmhbybvsq0000s9wnicnvj6md,,system,BUCKET_CREATED,"{""name"":""Jaime Employee"",""bucketId"":""cmhj8q6gx0003jo04ilx4w50v""}",2025-11-03T14:33:45.569Z
cmhj8qf0z0009jo04j5lkju00,cmhbybvsq0000s9wnicnvj6md,cmhj8qf060007jo04pvpy9cla,system,TASK_CREATED,"{""title"":""CDL License""}",2025-11-03T14:33:56.627Z
cmhj8qgda000bjo04csqixs3p,cmhbybvsq0000s9wnicnvj6md,cmhj8qf060007jo04pvpy9cla,system,TASK_UPDATED,"{""changes"":[""title"",""description"",""priority"",""progress"",""startAt"",""dueAt""]}",2025-11-03T14:33:58.366Z
cmhj8qqss000djo04qt421x4e,cmhbybvsq0000s9wnicnvj6md,cmhj8qf060007jo04pvpy9cla,system,TASK_UPDATED,"{""changes"":[""title"",""description"",""priority"",""progress"",""startAt"",""dueAt""]}",2025-11-03T14:34:11.884Z
cmhj8r2np000fjo04w73j0qus,cmhbybvsq0000s9wnicnvj6md,cmhj8qf060007jo04pvpy9cla,system,TASK_UPDATED,"{""changes"":[""title"",""description"",""priority"",""progress"",""startAt"",""dueAt""]}",2025-11-03T14:34:27.254Z
cmhj8rwhi000jjo041kcxtl2h,cmhbybvsq0000s9wnicnvj6md,cmhj8qf060007jo04pvpy9cla,demo-user,COMMENT_ADDED,{},2025-11-03T14:35:05.911Z
cmhj8tomb000njo04lmhto4ug,cmhbybvsq0000s9wnicnvj6md,cmhj8qf060007jo04pvpy9cla,demo-user,COMMENT_ADDED,{},2025-11-03T14:36:29.027Z
cmhj8u9zb0001l304xaehnaya,cmhbybvsq0000s9wnicnvj6md,cmhj8jrye0009i6043vzf3q5g,system,TASK_UPDATED,"{""changes"":[""title"",""description"",""priority"",""progress"",""startAt"",""dueAt""]}",2025-11-03T14:36:56.710Z
cmhj93lm00003l304spjh5wzr,cmhbybvsq0000s9wnicnvj6md,cmhj8jrye0009i6043vzf3q5g,system,TASK_UPDATED,"{""changes"":[""title"",""description"",""priority"",""progress"",""startAt"",""dueAt""]}",2025-11-03T14:44:11.688Z
cmhj940840007l304hj93lwmp,cmhbybvsq0000s9wnicnvj6md,cmhj8jrye0009i6043vzf3q5g,system,CHECKLIST_ADDED,"{""title"":""Downrite? Fort Myers: Gate with Slats""}",2025-11-03T14:44:30.628Z
cmhj99bn2000bl304vxfaujea,cmhbybvsq0000s9wnicnvj6md,cmhj8jrye0009i6043vzf3q5g,system,CHECKLIST_ADDED,"{""title"":""General Asphalt T6603: 10'6\"" pipe hand rail aluminum""}",2025-11-03T14:48:38.702Z
cmhj99flr000dl304u4fj5w1k,cmhbybvsq0000s9wnicnvj6md,cmhj8jrye0009i6043vzf3q5g,system,TASK_UPDATED,"{""changes"":[""title"",""description"",""priority"",""progress"",""startAt"",""dueAt""]}",2025-11-03T14:48:43.839Z
cmhj99myi000fl3043v4hzy2q,cmhbybvsq0000s9wnicnvj6md,cmhj8jrye0009i6043vzf3q5g,system,TASK_UPDATED,"{""changes"":[""title"",""description"",""priority"",""progress"",""startAt"",""dueAt""]}",2025-11-03T14:48:53.370Z
cmhja1ycg0001ji04rgatxsdr,cmhbybvsq0000s9wnicnvj6md,cmhj8qf060007jo04pvpy9cla,system,TASK_UPDATED,"{""changes"":[""title"",""description"",""priority"",""progress"",""startAt"",""dueAt""]}",2025-11-03T15:10:54.495Z
cmhja2li80001l10425j5pgp1,cmhbybvsq0000s9wnicnvj6md,cmhj8qf060007jo04pvpy9cla,system,TASK_UPDATED,"{""changes"":[""title"",""description"",""priority"",""progress"",""startAt"",""dueAt""]}",2025-11-03T15:11:24.511Z
cmhja6aos0003l104mq5ft03w,cmhbybvsq0000s9wnicnvj6md,cmhj4iepo0007la04vw94fv6l,system,TASK_UPDATED,"{""changes"":[""title"",""description"",""priority"",""progress"",""startAt"",""dueAt""]}",2025-11-03T15:14:17.117Z
cmhja70bc0005l104lghvmeiz,cmhbybvsq0000s9wnicnvj6md,cmhj4iepo0007la04vw94fv6l,system,TASK_UPDATED,"{""changes"":[""title"",""description"",""priority"",""progress"",""startAt"",""dueAt""]}",2025-11-03T15:14:50.329Z
cmhja7s4i0009l104wrm1hcoz,cmhbybvsq0000s9wnicnvj6md,,system,BUCKET_CREATED,"{""name"":""Pichi Comments"",""bucketId"":""cmhja7s2c0007l1049icnzefn""}",2025-11-03T15:15:26.371Z
cmhja7x5w000dl104lzsggg9r,cmhbybvsq0000s9wnicnvj6md,cmhja7x4z000bl104uqed5c64,system,TASK_CREATED,"{""title"":""Things to add""}",2025-11-03T15:15:32.901Z
cmhja807e000hl104hw2xlcfl,cmhbybvsq0000s9wnicnvj6md,cmhja806y000fl1044xw7qzfg,system,TASK_CREATED,"{""title"":""Things to fix""}",2025-11-03T15:15:36.842Z
cmhja8brc000jl1048puc0efz,cmhbybvsq0000s9wnicnvj6md,cmhja7x4z000bl104uqed5c64,system,TASK_UPDATED,"{""changes"":[""title"",""description"",""priority"",""progress"",""startAt"",""dueAt""]}",2025-11-03T15:15:51.816Z
cmhja8erl000ll1046ah6ztbm,cmhbybvsq0000s9wnicnvj6md,cmhja806y000fl1044xw7qzfg,system,TASK_UPDATED,"{""changes"":[""title"",""description"",""priority"",""progress"",""startAt"",""dueAt""]}",2025-11-03T15:15:55.714Z
cmhja8jeh000pl104ezscc5og,cmhbybvsq0000s9wnicnvj6md,cmhja806y000fl1044xw7qzfg,system,CHECKLIST_ADDED,"{""title"":""Zia""}",2025-11-03T15:16:01.721Z
cmhja8kom0001jm04552zcgb0,cmhbybvsq0000s9wnicnvj6md,cmhja806y000fl1044xw7qzfg,system,CHECKLIST_DELETED,"{""itemId"":""cmhja8jcs000nl104ltzgzwgx""}",2025-11-03T15:16:03.381Z
cmhjaal5j0005jm0418m8pjiz,cmhbybvsq0000s9wnicnvj6md,cmhjaal4v0003jm044gywnvwv,system,TASK_CREATED,"{""title"":""I-95 Express lanes""}",2025-11-03T15:17:37.303Z
cmhjaanh80007jm045hn45pfa,cmhbybvsq0000s9wnicnvj6md,cmhjaal4v0003jm044gywnvwv,system,TASK_UPDATED,"{""changes"":[""title"",""description"",""priority"",""progress"",""startAt"",""dueAt""]}",2025-11-03T15:17:40.316Z
cmhjad5ix0003ji04cnfy18n3,cmhbybvsq0000s9wnicnvj6md,cmhjaal4v0003jm044gywnvwv,system,TASK_UPDATED,"{""changes"":[""title"",""description"",""priority"",""progress"",""startAt"",""dueAt""]}",2025-11-03T15:19:37.017Z
cmhjadosp0005ji04loiytteg,cmhbybvsq0000s9wnicnvj6md,cmhjaal4v0003jm044gywnvwv,system,TASK_UPDATED,"{""changes"":[""title"",""description"",""priority"",""progress"",""startAt"",""dueAt""]}",2025-11-03T15:20:01.993Z
cmhjadtqk0007ji043jea2rqj,cmhbybvsq0000s9wnicnvj6md,cmhjaal4v0003jm044gywnvwv,system,TASK_UPDATED,"{""changes"":[""title"",""description"",""priority"",""progress"",""startAt"",""dueAt""]}",2025-11-03T15:20:08.397Z
cmhjadviz0009ji04558gh7xj,cmhbybvsq0000s9wnicnvj6md,cmhjaal4v0003jm044gywnvwv,system,TASK_UPDATED,"{""changes"":[""title"",""description"",""priority"",""progress"",""startAt"",""dueAt""]}",2025-11-03T15:20:10.715Z
cmhjadxgl000bji04ed7mnobj,cmhbybvsq0000s9wnicnvj6md,cmhjaal4v0003jm044gywnvwv,system,TASK_UPDATED,"{""changes"":[""title"",""description"",""priority"",""progress"",""startAt"",""dueAt""]}",2025-11-03T15:20:13.221Z
cmhjafmq3000dji04l14177xi,cmhbybvsq0000s9wnicnvj6md,cmhjaal4v0003jm044gywnvwv,system,TASK_UPDATED,"{""changes"":[""title"",""description"",""priority"",""progress"",""startAt"",""dueAt""]}",2025-11-03T15:21:32.619Z
cmhjafw16000fji04ycrfhw1k,cmhbybvsq0000s9wnicnvj6md,,system,BUCKET_UPDATED,"{""fields"":[""name""],""bucketId"":""cmhj6uvq90003ie04d7mzo6mn""}",2025-11-03T15:21:44.683Z
cmhjafyuh000hji04vhccm05h,cmhbybvsq0000s9wnicnvj6md,cmhjaal4v0003jm044gywnvwv,system,TASK_UPDATED,"{""changes"":[""title"",""description"",""priority"",""progress"",""startAt"",""dueAt""]}",2025-11-03T15:21:48.330Z
cmhjag1ss000jji0411yoyz51,cmhbybvsq0000s9wnicnvj6md,cmhjaal4v0003jm044gywnvwv,system,TASK_UPDATED,"{""changes"":[""title"",""description"",""priority"",""progress"",""startAt"",""dueAt""]}",2025-11-03T15:21:52.157Z
cmhjag572000lji04ebkr967j,cmhbybvsq0000s9wnicnvj6md,cmhj6v1co0007ie04qyfmkg3a,system,TASK_UPDATED,"{""changes"":[""title"",""description"",""priority"",""progress"",""startAt"",""dueAt""]}",2025-11-03T15:21:56.558Z
cmhjah2l9000nji0464kfyn79,cmhbybvsq0000s9wnicnvj6md,cmhj6v1co0007ie04qyfmkg3a,system,TASK_UPDATED,"{""changes"":[""title"",""description"",""priority"",""progress"",""startAt"",""dueAt""]}",2025-11-03T15:22:39.837Z
cmhjah9wf000pji04smw8324y,cmhbybvsq0000s9wnicnvj6md,cmhj6v1co0007ie04qyfmkg3a,system,TASK_UPDATED,"{""changes"":[""title"",""description"",""priority"",""progress"",""startAt"",""dueAt""]}",2025-11-03T15:22:49.311Z
cmhjaikr7000rji04bins3veo,cmhbybvsq0000s9wnicnvj6md,cmhhyluys000js9dg2xls1ri7,system,TASK_UPDATED,"{""changes"":[""title"",""description"",""priority"",""progress"",""startAt"",""dueAt""]}",2025-11-03T15:23:50.036Z
cmhjbx5mm0001kz04976dkhee,cmhbybvsq0000s9wnicnvj6md,cmhj8jrye0009i6043vzf3q5g,system,TASK_UPDATED,"{""changes"":[""title"",""description"",""priority"",""progress"",""startAt"",""dueAt""]}",2025-11-03T16:03:09.885Z
cmhjbx8h70003kz04qep5d2gf,cmhbybvsq0000s9wnicnvj6md,cmhj8jrye0009i6043vzf3q5g,system,CHECKLIST_UPDATED,"{""itemId"":""cmhj8kklw000ji604pc438ikj""}",2025-11-03T16:03:13.580Z
cmhjbxk1p000tji04yc07g3et,cmhbybvsq0000s9wnicnvj6md,cmhj8jrye0009i6043vzf3q5g,system,CHECKLIST_UPDATED,"{""itemId"":""cmhj8kklw000ji604pc438ikj""}",2025-11-03T16:03:28.573Z
cmhjbxk4l000vji04iofhfedm,cmhbybvsq0000s9wnicnvj6md,cmhj8jrye0009i6043vzf3q5g,system,CHECKLIST_UPDATED,"{""itemId"":""cmhj8kklw000ji604pc438ikj""}",2025-11-03T16:03:28.677Z
cmhjbxkb70005kz04rh5s8pdr,cmhbybvsq0000s9wnicnvj6md,cmhj8jrye0009i6043vzf3q5g,system,CHECKLIST_UPDATED,"{""itemId"":""cmhj8kklw000ji604pc438ikj""}",2025-11-03T16:03:28.915Z
cmhjbxkd80007kz04vk1nvmyr,cmhbybvsq0000s9wnicnvj6md,cmhj8jrye0009i6043vzf3q5g,system,CHECKLIST_UPDATED,"{""itemId"":""cmhj8kklw000ji604pc438ikj""}",2025-11-03T16:03:28.988Z
cmhjbxldz0001l804u840p8yk,cmhbybvsq0000s9wnicnvj6md,cmhj8jrye0009i6043vzf3q5g,system,CHECKLIST_UPDATED,"{""itemId"":""cmhj8kklw000ji604pc438ikj""}",2025-11-03T16:03:30.310Z
cmhjbxlhd0003l804o1m5igup,cmhbybvsq0000s9wnicnvj6md,cmhj8jrye0009i6043vzf3q5g,system,CHECKLIST_UPDATED,"{""itemId"":""cmhj8kklw000ji604pc438ikj""}",2025-11-03T16:03:30.434Z
cmhjbxlt40009kz04co3dzz96,cmhbybvsq0000s9wnicnvj6md,cmhj8jrye0009i6043vzf3q5g,system,CHECKLIST_UPDATED,"{""itemId"":""cmhj8kklw000ji604pc438ikj""}",2025-11-03T16:03:30.857Z
cmhjbxmos0005l804fudytuy2,cmhbybvsq0000s9wnicnvj6md,cmhj8jrye0009i6043vzf3q5g,system,CHECKLIST_UPDATED,"{""itemId"":""cmhj8kklw000ji604pc438ikj""}",2025-11-03T16:03:31.997Z
cmhjbxmy50007l804ormym7jm,cmhbybvsq0000s9wnicnvj6md,cmhj8jrye0009i6043vzf3q5g,system,CHECKLIST_UPDATED,"{""itemId"":""cmhj8kklw000ji604pc438ikj""}",2025-11-03T16:03:32.333Z
cmhjbxn9i000bkz04uryd4tat,cmhbybvsq0000s9wnicnvj6md,cmhj8jrye0009i6043vzf3q5g,system,CHECKLIST_UPDATED,"{""itemId"":""cmhj8kklw000ji604pc438ikj""}",2025-11-03T16:03:32.742Z
cmhjbxobl0009l8045vtiltug,cmhbybvsq0000s9wnicnvj6md,cmhj8jrye0009i6043vzf3q5g,system,CHECKLIST_UPDATED,"{""itemId"":""cmhj8kklw000ji604pc438ikj""}",2025-11-03T16:03:34.113Z
cmhjbxofk000xji04ge1q15c6,cmhbybvsq0000s9wnicnvj6md,cmhj8jrye0009i6043vzf3q5g,system,CHECKLIST_UPDATED,"{""itemId"":""cmhj8kklw000ji604pc438ikj""}",2025-11-03T16:03:34.256Z
cmhjbxov9000zji04y2zqlvxk,cmhbybvsq0000s9wnicnvj6md,cmhj8jrye0009i6043vzf3q5g,system,CHECKLIST_UPDATED,"{""itemId"":""cmhj8kklw000ji604pc438ikj""}",2025-11-03T16:03:34.821Z
cmhjbxpqs000dkz04zcoxnri0,cmhbybvsq0000s9wnicnvj6md,cmhj8jrye0009i6043vzf3q5g,system,CHECKLIST_UPDATED,"{""itemId"":""cmhj8kklw000ji604pc438ikj""}",2025-11-03T16:03:35.957Z
cmhjbxq3d000fkz04m519ca5h,cmhbybvsq0000s9wnicnvj6md,cmhj8jrye0009i6043vzf3q5g,system,CHECKLIST_UPDATED,"{""itemId"":""cmhj8kklw000ji604pc438ikj""}",2025-11-03T16:03:36.410Z
cmhjbxr750011ji04qum7f66i,cmhbybvsq0000s9wnicnvj6md,cmhj8jrye0009i6043vzf3q5g,system,CHECKLIST_UPDATED,"{""itemId"":""cmhj8kklw000ji604pc438ikj""}",2025-11-03T16:03:37.841Z
cmhjbxre1000hkz04kvtsg2xk,cmhbybvsq0000s9wnicnvj6md,cmhj8jrye0009i6043vzf3q5g,system,CHECKLIST_UPDATED,"{""itemId"":""cmhj8kklw000ji604pc438ikj""}",2025-11-03T16:03:38.090Z
cmhjbxrpv000jkz04cin3sykt,cmhbybvsq0000s9wnicnvj6md,cmhj8jrye0009i6043vzf3q5g,system,CHECKLIST_UPDATED,"{""itemId"":""cmhj8kklw000ji604pc438ikj""}",2025-11-03T16:03:38.516Z
cmhjbxrry000lkz04qtbwstx6,cmhbybvsq0000s9wnicnvj6md,cmhj8jrye0009i6043vzf3q5g,system,CHECKLIST_UPDATED,"{""itemId"":""cmhj8kklw000ji604pc438ikj""}",2025-11-03T16:03:38.590Z
cmhjbxs0j000nkz04gyrm4nvl,cmhbybvsq0000s9wnicnvj6md,cmhj8jrye0009i6043vzf3q5g,system,CHECKLIST_UPDATED,"{""itemId"":""cmhj8kklw000ji604pc438ikj""}",2025-11-03T16:03:38.899Z
cmhjbxsh10013ji04evbpo3mz,cmhbybvsq0000s9wnicnvj6md,cmhj8jrye0009i6043vzf3q5g,system,CHECKLIST_UPDATED,"{""itemId"":""cmhj8kklw000ji604pc438ikj""}",2025-11-03T16:03:39.494Z
cmhjbxspm0015ji04ifhznfax,cmhbybvsq0000s9wnicnvj6md,cmhj8jrye0009i6043vzf3q5g,system,CHECKLIST_UPDATED,"{""itemId"":""cmhj8kklw000ji604pc438ikj""}",2025-11-03T16:03:39.802Z
cmhjbxtlf000pkz04f6x0m9q8,cmhbybvsq0000s9wnicnvj6md,cmhj8jrye0009i6043vzf3q5g,system,CHECKLIST_UPDATED,"{""itemId"":""cmhj8kklw000ji604pc438ikj""}",2025-11-03T16:03:40.947Z
cmhjbxtqs0017ji04oxsmb9oe,cmhbybvsq0000s9wnicnvj6md,cmhj8jrye0009i6043vzf3q5g,system,CHECKLIST_UPDATED,"{""itemId"":""cmhj8kklw000ji604pc438ikj""}",2025-11-03T16:03:41.140Z
cmhjbxu1j000rkz04ei0v73hu,cmhbybvsq0000s9wnicnvj6md,cmhj8jrye0009i6043vzf3q5g,system,CHECKLIST_UPDATED,"{""itemId"":""cmhj8kklw000ji604pc438ikj""}",2025-11-03T16:03:41.527Z
cmhjbxu5z0019ji04ebyn3tpp,cmhbybvsq0000s9wnicnvj6md,cmhj8jrye0009i6043vzf3q5g,system,CHECKLIST_UPDATED,"{""itemId"":""cmhj8kklw000ji604pc438ikj""}",2025-11-03T16:03:41.688Z
cmhjbxuc9001bji04fl2ebjwd,cmhbybvsq0000s9wnicnvj6md,cmhj8jrye0009i6043vzf3q5g,system,CHECKLIST_UPDATED,"{""itemId"":""cmhj8kklw000ji604pc438ikj""}",2025-11-03T16:03:41.914Z
cmhjbxuse001dji04q55qrn1a,cmhbybvsq0000s9wnicnvj6md,cmhj8jrye0009i6043vzf3q5g,system,CHECKLIST_UPDATED,"{""itemId"":""cmhj8kklw000ji604pc438ikj""}",2025-11-03T16:03:42.494Z
cmhjbxuuq001fji04dnv3oxyl,cmhbybvsq0000s9wnicnvj6md,cmhj8jrye0009i6043vzf3q5g,system,CHECKLIST_UPDATED,"{""itemId"":""cmhj8kklw000ji604pc438ikj""}",2025-11-03T16:03:42.578Z
cmhjbxv0t001hji04dcp51rxw,cmhbybvsq0000s9wnicnvj6md,cmhj8jrye0009i6043vzf3q5g,system,CHECKLIST_UPDATED,"{""itemId"":""cmhj8kklw000ji604pc438ikj""}",2025-11-03T16:03:42.798Z
cmhjbxvnk001jji04n8rtrvnl,cmhbybvsq0000s9wnicnvj6md,cmhj8jrye0009i6043vzf3q5g,system,CHECKLIST_UPDATED,"{""itemId"":""cmhj8kklw000ji604pc438ikj""}",2025-11-03T16:03:43.616Z
cmhjbxw34000tkz04h7n0bbpm,cmhbybvsq0000s9wnicnvj6md,cmhj8jrye0009i6043vzf3q5g,system,CHECKLIST_UPDATED,"{""itemId"":""cmhj8kklw000ji604pc438ikj""}",2025-11-03T16:03:44.176Z
cmhjbxwfb001lji04wmydzk77,cmhbybvsq0000s9wnicnvj6md,cmhj8jrye0009i6043vzf3q5g,system,CHECKLIST_UPDATED,"{""itemId"":""cmhj8kklw000ji604pc438ikj""}",2025-11-03T16:03:44.615Z
cmhjbxwu8000vkz04v2egwp7x,cmhbybvsq0000s9wnicnvj6md,cmhj8jrye0009i6043vzf3q5g,system,CHECKLIST_UPDATED,"{""itemId"":""cmhj8kklw000ji604pc438ikj""}",2025-11-03T16:03:45.152Z
cmhjbxx5w001nji04ylamz8s5,cmhbybvsq0000s9wnicnvj6md,cmhj8jrye0009i6043vzf3q5g,system,CHECKLIST_UPDATED,"{""itemId"":""cmhj8kklw000ji604pc438ikj""}",2025-11-03T16:03:45.572Z
cmhjbxxjj000xkz04u2cta7mz,cmhbybvsq0000s9wnicnvj6md,cmhj8jrye0009i6043vzf3q5g,system,CHECKLIST_UPDATED,"{""itemId"":""cmhj8kklw000ji604pc438ikj""}",2025-11-03T16:03:46.064Z
cmhjbxxy0001pji04u4vdj6hg,cmhbybvsq0000s9wnicnvj6md,cmhj8jrye0009i6043vzf3q5g,system,CHECKLIST_UPDATED,"{""itemId"":""cmhj8kklw000ji604pc438ikj""}",2025-11-03T16:03:46.585Z
cmhjbxy9c001rji041hgj6bhd,cmhbybvsq0000s9wnicnvj6md,cmhj8jrye0009i6043vzf3q5g,system,CHECKLIST_UPDATED,"{""itemId"":""cmhj8kklw000ji604pc438ikj""}",2025-11-03T16:03:46.992Z
cmhjbxylx000zkz04j713095o,cmhbybvsq0000s9wnicnvj6md,cmhj8jrye0009i6043vzf3q5g,system,CHECKLIST_UPDATED,"{""itemId"":""cmhj8kklw000ji604pc438ikj""}",2025-11-03T16:03:47.446Z
cmhjbxyz10011kz04btfke2tz,cmhbybvsq0000s9wnicnvj6md,cmhj8jrye0009i6043vzf3q5g,system,CHECKLIST_UPDATED,"{""itemId"":""cmhj8kklw000ji604pc438ikj""}",2025-11-03T16:03:47.917Z
cmhjbxzdd001tji04f348esmh,cmhbybvsq0000s9wnicnvj6md,cmhj8jrye0009i6043vzf3q5g,system,CHECKLIST_UPDATED,"{""itemId"":""cmhj8kklw000ji604pc438ikj""}",2025-11-03T16:03:48.433Z
cmhjbxzq20013kz04agq0z2qy,cmhbybvsq0000s9wnicnvj6md,cmhj8jrye0009i6043vzf3q5g,system,CHECKLIST_UPDATED,"{""itemId"":""cmhj8kklw000ji604pc438ikj""}",2025-11-03T16:03:48.890Z
cmhjby02a001vji04zykgpgbe,cmhbybvsq0000s9wnicnvj6md,cmhj8jrye0009i6043vzf3q5g,system,CHECKLIST_UPDATED,"{""itemId"":""cmhj8kklw000ji604pc438ikj""}",2025-11-03T16:03:49.331Z
cmhjby0fe0015kz04w0gqdhnt,cmhbybvsq0000s9wnicnvj6md,cmhj8jrye0009i6043vzf3q5g,system,CHECKLIST_UPDATED,"{""itemId"":""cmhj8kklw000ji604pc438ikj""}",2025-11-03T16:03:49.803Z
cmhjby0qh001xji04w0e5hdv7,cmhbybvsq0000s9wnicnvj6md,cmhj8jrye0009i6043vzf3q5g,system,CHECKLIST_UPDATED,"{""itemId"":""cmhj8kklw000ji604pc438ikj""}",2025-11-03T16:03:50.201Z
cmhjby13i0017kz04fzvobn3f,cmhbybvsq0000s9wnicnvj6md,cmhj8jrye0009i6043vzf3q5g,system,CHECKLIST_UPDATED,"{""itemId"":""cmhj8kklw000ji604pc438ikj""}",2025-11-03T16:03:50.670Z
cmhjby1fy001zji04opvwhffh,cmhbybvsq0000s9wnicnvj6md,cmhj8jrye0009i6043vzf3q5g,system,CHECKLIST_UPDATED,"{""itemId"":""cmhj8kklw000ji604pc438ikj""}",2025-11-03T16:03:51.118Z
cmhjby4ua0019kz04cx9q72yo,cmhbybvsq0000s9wnicnvj6md,cmhj8jrye0009i6043vzf3q5g,system,CHECKLIST_UPDATED,"{""itemId"":""cmhj8kklw000ji604pc438ikj""}",2025-11-03T16:03:55.523Z
cmhjby6840021ji04ygcsyons,cmhbybvsq0000s9wnicnvj6md,cmhj8jrye0009i6043vzf3q5g,system,CHECKLIST_UPDATED,"{""itemId"":""cmhj8kklw000ji604pc438ikj""}",2025-11-03T16:03:57.317Z
cmhjbydke001bkz0499xb7cqi,cmhbybvsq0000s9wnicnvj6md,cmhj8jrye0009i6043vzf3q5g,system,CHECKLIST_UPDATED,"{""itemId"":""cmhj8kklw000ji604pc438ikj""}",2025-11-03T16:04:06.831Z
cmhjbydtz0023ji04qoaal5ye,cmhbybvsq0000s9wnicnvj6md,cmhj8jrye0009i6043vzf3q5g,system,CHECKLIST_UPDATED,"{""itemId"":""cmhj8kklw000ji604pc438ikj""}",2025-11-03T16:04:07.176Z
cmhjbye9c001dkz04zk8ry5zh,cmhbybvsq0000s9wnicnvj6md,cmhj8jrye0009i6043vzf3q5g,system,CHECKLIST_UPDATED,"{""itemId"":""cmhj8kklw000ji604pc438ikj""}",2025-11-03T16:04:07.729Z
cmhjbyeqc0025ji045eml67zp,cmhbybvsq0000s9wnicnvj6md,cmhj8jrye0009i6043vzf3q5g,system,CHECKLIST_UPDATED,"{""itemId"":""cmhj8kklw000ji604pc438ikj""}",2025-11-03T16:04:08.340Z
cmhjbyf3g001fkz04ivi5zolv,cmhbybvsq0000s9wnicnvj6md,cmhj8jrye0009i6043vzf3q5g,system,CHECKLIST_UPDATED,"{""itemId"":""cmhj8kklw000ji604pc438ikj""}",2025-11-03T16:04:08.812Z
cmhjbyfdx001hkz0438jwjyz4,cmhbybvsq0000s9wnicnvj6md,cmhj8jrye0009i6043vzf3q5g,system,CHECKLIST_UPDATED,"{""itemId"":""cmhj8kklw000ji604pc438ikj""}",2025-11-03T16:04:09.189Z
cmhjbyg0l0027ji04is5bpsqy,cmhbybvsq0000s9wnicnvj6md,cmhj8jrye0009i6043vzf3q5g,system,CHECKLIST_UPDATED,"{""itemId"":""cmhj8kklw000ji604pc438ikj""}",2025-11-03T16:04:10.006Z
cmhjbyg7n0029ji04f4vtz2ll,cmhbybvsq0000s9wnicnvj6md,cmhj8jrye0009i6043vzf3q5g,system,CHECKLIST_UPDATED,"{""itemId"":""cmhj8kklw000ji604pc438ikj""}",2025-11-03T16:04:10.259Z
cmhjbygh1001jkz04wkggaf29,cmhbybvsq0000s9wnicnvj6md,cmhj8jrye0009i6043vzf3q5g,system,CHECKLIST_UPDATED,"{""itemId"":""cmhj8kklw000ji604pc438ikj""}",2025-11-03T16:04:10.597Z
cmhjbygwm002bji04n05m22gg,cmhbybvsq0000s9wnicnvj6md,cmhj8jrye0009i6043vzf3q5g,system,CHECKLIST_UPDATED,"{""itemId"":""cmhj8kklw000ji604pc438ikj""}",2025-11-03T16:04:11.158Z
cmhjbz7ea0031kz04pdwb9ul1,cmhbybvsq0000s9wnicnvj6md,cmhj8jrye0009i6043vzf3q5g,system,CHECKLIST_UPDATED,"{""itemId"":""cmhj8kp0m0005ky04ygui2sl9""}",2025-11-03T16:04:45.490Z
cmhjbz7rc003xji04jkd38bzs,cmhbybvsq0000s9wnicnvj6md,cmhj8jrye0009i6043vzf3q5g,system,CHECKLIST_UPDATED,"{""itemId"":""cmhj8kp0m0005ky04ygui2sl9""}",2025-11-03T16:04:45.960Z
cmhjbz87v0033kz04ms9t0sdb,cmhbybvsq0000s9wnicnvj6md,cmhj8jrye0009i6043vzf3q5g,system,CHECKLIST_UPDATED,"{""itemId"":""cmhj8kp0m0005ky04ygui2sl9""}",2025-11-03T16:04:46.555Z
cmhjbz8cm003zji047pn731s3,cmhbybvsq0000s9wnicnvj6md,cmhj8jrye0009i6043vzf3q5g,system,CHECKLIST_UPDATED,"{""itemId"":""cmhj8kp0m0005ky04ygui2sl9""}",2025-11-03T16:04:46.726Z
cmhjbz92v0041ji046arzmeus,cmhbybvsq0000s9wnicnvj6md,cmhj8jrye0009i6043vzf3q5g,system,CHECKLIST_UPDATED,"{""itemId"":""cmhj8kp0m0005ky04ygui2sl9""}",2025-11-03T16:04:47.672Z
cmhjbz9ud0035kz04k4c1zuap,cmhbybvsq0000s9wnicnvj6md,cmhj8jrye0009i6043vzf3q5g,system,CHECKLIST_UPDATED,"{""itemId"":""cmhj8kp0m0005ky04ygui2sl9""}",2025-11-03T16:04:48.662Z
cmhjbza1x0043ji04uco72gyz,cmhbybvsq0000s9wnicnvj6md,cmhj8jrye0009i6043vzf3q5g,system,CHECKLIST_UPDATED,"{""itemId"":""cmhj8kp0m0005ky04ygui2sl9""}",2025-11-03T16:04:48.933Z
cmhjbza8p0037kz04x7zivo27,cmhbybvsq0000s9wnicnvj6md,cmhj8jrye0009i6043vzf3q5g,system,CHECKLIST_UPDATED,"{""itemId"":""cmhj8kp0m0005ky04ygui2sl9""}",2025-11-03T16:04:49.178Z
cmhjbzajc0045ji04u7zfaeb3,cmhbybvsq0000s9wnicnvj6md,cmhj8jrye0009i6043vzf3q5g,system,CHECKLIST_UPDATED,"{""itemId"":""cmhj8kp0m0005ky04ygui2sl9""}",2025-11-03T16:04:49.560Z
cmhjbzavy0039kz04r2fxsqnk,cmhbybvsq0000s9wnicnvj6md,cmhj8jrye0009i6043vzf3q5g,system,CHECKLIST_UPDATED,"{""itemId"":""cmhj8kp0m0005ky04ygui2sl9""}",2025-11-03T16:04:50.015Z
cmhjbzb5z0047ji04p33xkfsn,cmhbybvsq0000s9wnicnvj6md,cmhj8jrye0009i6043vzf3q5g,system,CHECKLIST_UPDATED,"{""itemId"":""cmhj8kp0m0005ky04ygui2sl9""}",2025-11-03T16:04:50.375Z
cmhjbzbel003bkz041y4l4o11,cmhbybvsq0000s9wnicnvj6md,cmhj8jrye0009i6043vzf3q5g,system,CHECKLIST_UPDATED,"{""itemId"":""cmhj8kp0m0005ky04ygui2sl9""}",2025-11-03T16:04:50.686Z
cmhjbzcoc0049ji04s1gtm076,cmhbybvsq0000s9wnicnvj6md,cmhj8jrye0009i6043vzf3q5g,system,CHECKLIST_UPDATED,"{""itemId"":""cmhj8kp0m0005ky04ygui2sl9""}",2025-11-03T16:04:52.332Z
cmhjbzcto003dkz04tv2jyjcf,cmhbybvsq0000s9wnicnvj6md,cmhj8jrye0009i6043vzf3q5g,system,CHECKLIST_UPDATED,"{""itemId"":""cmhj8kp0m0005ky04ygui2sl9""}",2025-11-03T16:04:52.525Z
cmhjbzd1j004bji041ij8xxrw,cmhbybvsq0000s9wnicnvj6md,cmhj8jrye0009i6043vzf3q5g,system,CHECKLIST_UPDATED,"{""itemId"":""cmhj8kp0m0005ky04ygui2sl9""}",2025-11-03T16:04:52.808Z
cmhjbzd7l003fkz04h4al9lxu,cmhbybvsq0000s9wnicnvj6md,cmhj8jrye0009i6043vzf3q5g,system,CHECKLIST_UPDATED,"{""itemId"":""cmhj8kp0m0005ky04ygui2sl9""}",2025-11-03T16:04:53.025Z
cmhjbyh6d002dji04169ixqyb,cmhbybvsq0000s9wnicnvj6md,cmhj8jrye0009i6043vzf3q5g,system,CHECKLIST_UPDATED,"{""itemId"":""cmhj8kklw000ji604pc438ikj""}",2025-11-03T16:04:11.509Z
cmhjbyhze001lkz04n7wsxamw,cmhbybvsq0000s9wnicnvj6md,cmhj8jrye0009i6043vzf3q5g,system,CHECKLIST_UPDATED,"{""itemId"":""cmhj8kklw000ji604pc438ikj""}",2025-11-03T16:04:12.554Z
cmhjbyi8q001nkz04pa88eh04,cmhbybvsq0000s9wnicnvj6md,cmhj8jrye0009i6043vzf3q5g,system,CHECKLIST_UPDATED,"{""itemId"":""cmhj8kklw000ji604pc438ikj""}",2025-11-03T16:04:12.891Z
cmhjbyigy002fji04ulw4szdw,cmhbybvsq0000s9wnicnvj6md,cmhj8jrye0009i6043vzf3q5g,system,CHECKLIST_UPDATED,"{""itemId"":""cmhj8kklw000ji604pc438ikj""}",2025-11-03T16:04:13.186Z
cmhjbyiln001pkz04rsrle59j,cmhbybvsq0000s9wnicnvj6md,cmhj8jrye0009i6043vzf3q5g,system,CHECKLIST_UPDATED,"{""itemId"":""cmhj8kklw000ji604pc438ikj""}",2025-11-03T16:04:13.356Z
cmhjbyiva002hji04homyxr0a,cmhbybvsq0000s9wnicnvj6md,cmhj8jrye0009i6043vzf3q5g,system,CHECKLIST_UPDATED,"{""itemId"":""cmhj8kklw000ji604pc438ikj""}",2025-11-03T16:04:13.703Z
cmhjbyj60001rkz048zfl97rh,cmhbybvsq0000s9wnicnvj6md,cmhj8jrye0009i6043vzf3q5g,system,CHECKLIST_UPDATED,"{""itemId"":""cmhj8kklw000ji604pc438ikj""}",2025-11-03T16:04:14.088Z
cmhjbyk7f002jji04x4o7gdow,cmhbybvsq0000s9wnicnvj6md,cmhj8jrye0009i6043vzf3q5g,system,CHECKLIST_UPDATED,"{""itemId"":""cmhj8kklw000ji604pc438ikj""}",2025-11-03T16:04:15.435Z
cmhjbykh8002lji0490lxvtbi,cmhbybvsq0000s9wnicnvj6md,cmhj8jrye0009i6043vzf3q5g,system,CHECKLIST_UPDATED,"{""itemId"":""cmhj8kklw000ji604pc438ikj""}",2025-11-03T16:04:15.789Z
cmhjbykw2001tkz04bd7x2ktn,cmhbybvsq0000s9wnicnvj6md,cmhj8jrye0009i6043vzf3q5g,system,CHECKLIST_UPDATED,"{""itemId"":""cmhj8kklw000ji604pc438ikj""}",2025-11-03T16:04:16.322Z
cmhjbyluc002nji040el3slhr,cmhbybvsq0000s9wnicnvj6md,cmhj8jrye0009i6043vzf3q5g,system,CHECKLIST_UPDATED,"{""itemId"":""cmhj8kklw000ji604pc438ikj""}",2025-11-03T16:04:17.556Z
cmhjbylzo001vkz04e8w9ocug,cmhbybvsq0000s9wnicnvj6md,cmhj8jrye0009i6043vzf3q5g,system,CHECKLIST_UPDATED,"{""itemId"":""cmhj8kklw000ji604pc438ikj""}",2025-11-03T16:04:17.749Z
cmhjbym67002pji049yzgc4rz,cmhbybvsq0000s9wnicnvj6md,cmhj8jrye0009i6043vzf3q5g,system,CHECKLIST_UPDATED,"{""itemId"":""cmhj8kklw000ji604pc438ikj""}",2025-11-03T16:04:17.983Z
cmhjbymas001xkz04nrrl2tqe,cmhbybvsq0000s9wnicnvj6md,cmhj8jrye0009i6043vzf3q5g,system,CHECKLIST_UPDATED,"{""itemId"":""cmhj8kklw000ji604pc438ikj""}",2025-11-03T16:04:18.148Z
cmhjbyms9002rji04trdjycmk,cmhbybvsq0000s9wnicnvj6md,cmhj8jrye0009i6043vzf3q5g,system,CHECKLIST_UPDATED,"{""itemId"":""cmhj8kklw000ji604pc438ikj""}",2025-11-03T16:04:18.778Z
cmhjbymwn002tji045mdwcfpy,cmhbybvsq0000s9wnicnvj6md,cmhj8jrye0009i6043vzf3q5g,system,CHECKLIST_UPDATED,"{""itemId"":""cmhj8kklw000ji604pc438ikj""}",2025-11-03T16:04:18.936Z
cmhjbynd1001zkz041s52p672,cmhbybvsq0000s9wnicnvj6md,cmhj8jrye0009i6043vzf3q5g,system,CHECKLIST_UPDATED,"{""itemId"":""cmhj8kklw000ji604pc438ikj""}",2025-11-03T16:04:19.525Z
cmhjbyogm002vji049gt8edm5,cmhbybvsq0000s9wnicnvj6md,cmhj8jrye0009i6043vzf3q5g,system,CHECKLIST_UPDATED,"{""itemId"":""cmhj8kklw000ji604pc438ikj""}",2025-11-03T16:04:20.951Z
cmhjbyp2k0021kz04kvbiisx3,cmhbybvsq0000s9wnicnvj6md,cmhj8jrye0009i6043vzf3q5g,system,CHECKLIST_UPDATED,"{""itemId"":""cmhj8kklw000ji604pc438ikj""}",2025-11-03T16:04:21.741Z
cmhjbypci002xji04heye5opt,cmhbybvsq0000s9wnicnvj6md,cmhj8jrye0009i6043vzf3q5g,system,CHECKLIST_UPDATED,"{""itemId"":""cmhj8kklw000ji604pc438ikj""}",2025-11-03T16:04:22.098Z
cmhjbyq8m0023kz0478ame2lh,cmhbybvsq0000s9wnicnvj6md,cmhj8jrye0009i6043vzf3q5g,system,CHECKLIST_UPDATED,"{""itemId"":""cmhj8kklw000ji604pc438ikj""}",2025-11-03T16:04:23.255Z
cmhjbyqcv002zji040xt867a9,cmhbybvsq0000s9wnicnvj6md,cmhj8jrye0009i6043vzf3q5g,system,CHECKLIST_UPDATED,"{""itemId"":""cmhj8kklw000ji604pc438ikj""}",2025-11-03T16:04:23.408Z
cmhjbyqpt0025kz04vv5ms93z,cmhbybvsq0000s9wnicnvj6md,cmhj8jrye0009i6043vzf3q5g,system,CHECKLIST_UPDATED,"{""itemId"":""cmhj8kklw000ji604pc438ikj""}",2025-11-03T16:04:23.873Z
cmhjbyqxg0031ji04ghybv36l,cmhbybvsq0000s9wnicnvj6md,cmhj8jrye0009i6043vzf3q5g,system,CHECKLIST_UPDATED,"{""itemId"":""cmhj8kklw000ji604pc438ikj""}",2025-11-03T16:04:24.148Z
cmhjbyr4x0027kz04cxygx5u1,cmhbybvsq0000s9wnicnvj6md,cmhj8jrye0009i6043vzf3q5g,system,CHECKLIST_UPDATED,"{""itemId"":""cmhj8kklw000ji604pc438ikj""}",2025-11-03T16:04:24.418Z
cmhjbyras0029kz040h9g52f4,cmhbybvsq0000s9wnicnvj6md,cmhj8jrye0009i6043vzf3q5g,system,CHECKLIST_UPDATED,"{""itemId"":""cmhj8kklw000ji604pc438ikj""}",2025-11-03T16:04:24.628Z
cmhjbyx6f0033ji04qfboy160,cmhbybvsq0000s9wnicnvj6md,cmhj8jrye0009i6043vzf3q5g,system,CHECKLIST_UPDATED,"{""itemId"":""cmhj8kp0m0005ky04ygui2sl9""}",2025-11-03T16:04:32.247Z
cmhjbz01h002bkz04xj7uhffl,cmhbybvsq0000s9wnicnvj6md,cmhj8jrye0009i6043vzf3q5g,system,CHECKLIST_UPDATED,"{""itemId"":""cmhj8kp0m0005ky04ygui2sl9""}",2025-11-03T16:04:35.957Z
cmhjbz09d002dkz0472bbr4ch,cmhbybvsq0000s9wnicnvj6md,cmhj8jrye0009i6043vzf3q5g,system,CHECKLIST_UPDATED,"{""itemId"":""cmhj8kp0m0005ky04ygui2sl9""}",2025-11-03T16:04:36.241Z
cmhjbz0yx0035ji04rk4f4jev,cmhbybvsq0000s9wnicnvj6md,cmhj8jrye0009i6043vzf3q5g,system,CHECKLIST_UPDATED,"{""itemId"":""cmhj8kp0m0005ky04ygui2sl9""}",2025-11-03T16:04:37.162Z
cmhjbz16l0037ji04snngn9pq,cmhbybvsq0000s9wnicnvj6md,cmhj8jrye0009i6043vzf3q5g,system,CHECKLIST_UPDATED,"{""itemId"":""cmhj8kp0m0005ky04ygui2sl9""}",2025-11-03T16:04:37.437Z
cmhjbz2bw002fkz04yx1a4hzx,cmhbybvsq0000s9wnicnvj6md,cmhj8jrye0009i6043vzf3q5g,system,CHECKLIST_UPDATED,"{""itemId"":""cmhj8kp0m0005ky04ygui2sl9""}",2025-11-03T16:04:38.924Z
cmhjbz2kx0039ji04d8qi3r8l,cmhbybvsq0000s9wnicnvj6md,cmhj8jrye0009i6043vzf3q5g,system,CHECKLIST_UPDATED,"{""itemId"":""cmhj8kp0m0005ky04ygui2sl9""}",2025-11-03T16:04:39.249Z
cmhjbz2vq002hkz048f6gmqok,cmhbybvsq0000s9wnicnvj6md,cmhj8jrye0009i6043vzf3q5g,system,CHECKLIST_UPDATED,"{""itemId"":""cmhj8kp0m0005ky04ygui2sl9""}",2025-11-03T16:04:39.638Z
cmhjbz31h003bji04net7q7it,cmhbybvsq0000s9wnicnvj6md,cmhj8jrye0009i6043vzf3q5g,system,CHECKLIST_UPDATED,"{""itemId"":""cmhj8kp0m0005ky04ygui2sl9""}",2025-11-03T16:04:39.845Z
cmhjbz36w003dji0453utyacs,cmhbybvsq0000s9wnicnvj6md,cmhj8jrye0009i6043vzf3q5g,system,CHECKLIST_UPDATED,"{""itemId"":""cmhj8kp0m0005ky04ygui2sl9""}",2025-11-03T16:04:40.040Z
cmhjbz3cw002jkz04vzseyc6y,cmhbybvsq0000s9wnicnvj6md,cmhj8jrye0009i6043vzf3q5g,system,CHECKLIST_UPDATED,"{""itemId"":""cmhj8kp0m0005ky04ygui2sl9""}",2025-11-03T16:04:40.256Z
cmhjbz3gy003fji04afvwbmep,cmhbybvsq0000s9wnicnvj6md,cmhj8jrye0009i6043vzf3q5g,system,CHECKLIST_UPDATED,"{""itemId"":""cmhj8kp0m0005ky04ygui2sl9""}",2025-11-03T16:04:40.403Z
cmhjbz3ow002lkz04312376ma,cmhbybvsq0000s9wnicnvj6md,cmhj8jrye0009i6043vzf3q5g,system,CHECKLIST_UPDATED,"{""itemId"":""cmhj8kp0m0005ky04ygui2sl9""}",2025-11-03T16:04:40.689Z
cmhjbz431002nkz04ukwogwfa,cmhbybvsq0000s9wnicnvj6md,cmhj8jrye0009i6043vzf3q5g,system,CHECKLIST_UPDATED,"{""itemId"":""cmhj8kp0m0005ky04ygui2sl9""}",2025-11-03T16:04:41.197Z
cmhjbz47p003hji04gdczf6f1,cmhbybvsq0000s9wnicnvj6md,cmhj8jrye0009i6043vzf3q5g,system,CHECKLIST_UPDATED,"{""itemId"":""cmhj8kp0m0005ky04ygui2sl9""}",2025-11-03T16:04:41.365Z
cmhjbz4by002pkz0404cjnl8j,cmhbybvsq0000s9wnicnvj6md,cmhj8jrye0009i6043vzf3q5g,system,CHECKLIST_UPDATED,"{""itemId"":""cmhj8kp0m0005ky04ygui2sl9""}",2025-11-03T16:04:41.519Z
cmhjbz4js002rkz04ylzjvf4b,cmhbybvsq0000s9wnicnvj6md,cmhj8jrye0009i6043vzf3q5g,system,CHECKLIST_UPDATED,"{""itemId"":""cmhj8kp0m0005ky04ygui2sl9""}",2025-11-03T16:04:41.800Z
cmhjbz4v1003jji04zmhrm2uz,cmhbybvsq0000s9wnicnvj6md,cmhj8jrye0009i6043vzf3q5g,system,CHECKLIST_UPDATED,"{""itemId"":""cmhj8kp0m0005ky04ygui2sl9""}",2025-11-03T16:04:42.205Z
cmhjbz52p002tkz04ve9rpf60,cmhbybvsq0000s9wnicnvj6md,cmhj8jrye0009i6043vzf3q5g,system,CHECKLIST_UPDATED,"{""itemId"":""cmhj8kp0m0005ky04ygui2sl9""}",2025-11-03T16:04:42.481Z
cmhjbz5aa002vkz044g833m2b,cmhbybvsq0000s9wnicnvj6md,cmhj8jrye0009i6043vzf3q5g,system,CHECKLIST_UPDATED,"{""itemId"":""cmhj8kp0m0005ky04ygui2sl9""}",2025-11-03T16:04:42.755Z
cmhjbz5em003lji04r8hjzvab,cmhbybvsq0000s9wnicnvj6md,cmhj8jrye0009i6043vzf3q5g,system,CHECKLIST_UPDATED,"{""itemId"":""cmhj8kp0m0005ky04ygui2sl9""}",2025-11-03T16:04:42.910Z
cmhjbz5mg002xkz04wmoeqrq3,cmhbybvsq0000s9wnicnvj6md,cmhj8jrye0009i6043vzf3q5g,system,CHECKLIST_UPDATED,"{""itemId"":""cmhj8kp0m0005ky04ygui2sl9""}",2025-11-03T16:04:43.192Z
cmhjbz5uv003nji04ypor26ns,cmhbybvsq0000s9wnicnvj6md,cmhj8jrye0009i6043vzf3q5g,system,CHECKLIST_UPDATED,"{""itemId"":""cmhj8kp0m0005ky04ygui2sl9""}",2025-11-03T16:04:43.495Z
cmhjbz69w003pji04l2egkln1,cmhbybvsq0000s9wnicnvj6md,cmhj8jrye0009i6043vzf3q5g,system,CHECKLIST_UPDATED,"{""itemId"":""cmhj8kp0m0005ky04ygui2sl9""}",2025-11-03T16:04:44.037Z
cmhjbz6dh003rji04t8mtwoiu,cmhbybvsq0000s9wnicnvj6md,cmhj8jrye0009i6043vzf3q5g,system,CHECKLIST_UPDATED,"{""itemId"":""cmhj8kp0m0005ky04ygui2sl9""}",2025-11-03T16:04:44.165Z
cmhjbz6pl003tji04gkmrloxp,cmhbybvsq0000s9wnicnvj6md,cmhj8jrye0009i6043vzf3q5g,system,CHECKLIST_UPDATED,"{""itemId"":""cmhj8kp0m0005ky04ygui2sl9""}",2025-11-03T16:04:44.601Z
cmhjbz70d002zkz043obsi7zd,cmhbybvsq0000s9wnicnvj6md,cmhj8jrye0009i6043vzf3q5g,system,CHECKLIST_UPDATED,"{""itemId"":""cmhj8kp0m0005ky04ygui2sl9""}",2025-11-03T16:04:44.989Z
cmhjbz79r003vji04s0iuxg36,cmhbybvsq0000s9wnicnvj6md,cmhj8jrye0009i6043vzf3q5g,system,CHECKLIST_UPDATED,"{""itemId"":""cmhj8kp0m0005ky04ygui2sl9""}",2025-11-03T16:04:45.327Z
cmhjbzdje004dji04lkxalpm6,cmhbybvsq0000s9wnicnvj6md,cmhj8jrye0009i6043vzf3q5g,system,CHECKLIST_UPDATED,"{""itemId"":""cmhj8kp0m0005ky04ygui2sl9""}",2025-11-03T16:04:53.451Z
cmhjbzdr4003hkz04vhauaenq,cmhbybvsq0000s9wnicnvj6md,cmhj8jrye0009i6043vzf3q5g,system,CHECKLIST_UPDATED,"{""itemId"":""cmhj8kp0m0005ky04ygui2sl9""}",2025-11-03T16:04:53.729Z
cmhjbze8g004fji042119p8i3,cmhbybvsq0000s9wnicnvj6md,cmhj8jrye0009i6043vzf3q5g,system,CHECKLIST_UPDATED,"{""itemId"":""cmhj8kp0m0005ky04ygui2sl9""}",2025-11-03T16:04:54.352Z
cmhjbzeqe003jkz0473xbchjq,cmhbybvsq0000s9wnicnvj6md,cmhj8jrye0009i6043vzf3q5g,system,CHECKLIST_UPDATED,"{""itemId"":""cmhj8kp0m0005ky04ygui2sl9""}",2025-11-03T16:04:54.999Z
cmhjbzfeh004hji04161sipcy,cmhbybvsq0000s9wnicnvj6md,cmhj8jrye0009i6043vzf3q5g,system,CHECKLIST_UPDATED,"{""itemId"":""cmhj8kp0m0005ky04ygui2sl9""}",2025-11-03T16:04:55.866Z
cmhjbzfxf003lkz04r1ys0h85,cmhbybvsq0000s9wnicnvj6md,cmhj8jrye0009i6043vzf3q5g,system,CHECKLIST_UPDATED,"{""itemId"":""cmhj8kp0m0005ky04ygui2sl9""}",2025-11-03T16:04:56.547Z
cmhjc01eq0001l5044pryy5y7,cmhbybvsq0000s9wnicnvj6md,cmhj8jrye0009i6043vzf3q5g,system,TASK_UPDATED,"{""changes"":[""title"",""description"",""priority"",""progress"",""startAt"",""dueAt""]}",2025-11-03T16:05:24.382Z
cmhjc04yw0003l504rdpiri7t,cmhbybvsq0000s9wnicnvj6md,cmhj8jrye0009i6043vzf3q5g,system,CHECKLIST_UPDATED,"{""itemId"":""cmhj8kp0m0005ky04ygui2sl9""}",2025-11-03T16:05:29.000Z
cmhjc05r7004jji04znov1upl,cmhbybvsq0000s9wnicnvj6md,cmhj8jrye0009i6043vzf3q5g,system,CHECKLIST_UPDATED,"{""itemId"":""cmhj8kp0m0005ky04ygui2sl9""}",2025-11-03T16:05:30.020Z
cmhjc05zs0005l504bjpmn4vc,cmhbybvsq0000s9wnicnvj6md,cmhj8jrye0009i6043vzf3q5g,system,CHECKLIST_UPDATED,"{""itemId"":""cmhj8kp0m0005ky04ygui2sl9""}",2025-11-03T16:05:30.329Z
cmhjc065v004lji04v7f11uis,cmhbybvsq0000s9wnicnvj6md,cmhj8jrye0009i6043vzf3q5g,system,CHECKLIST_UPDATED,"{""itemId"":""cmhj8kp0m0005ky04ygui2sl9""}",2025-11-03T16:05:30.547Z
cmhjc06h10007l504eprqep6g,cmhbybvsq0000s9wnicnvj6md,cmhj8jrye0009i6043vzf3q5g,system,CHECKLIST_UPDATED,"{""itemId"":""cmhj8kp0m0005ky04ygui2sl9""}",2025-11-03T16:05:30.949Z
cmhjc06yx0009l504paxsfow1,cmhbybvsq0000s9wnicnvj6md,cmhj8jrye0009i6043vzf3q5g,system,CHECKLIST_UPDATED,"{""itemId"":""cmhj8kp0m0005ky04ygui2sl9""}",2025-11-03T16:05:31.593Z
cmhjc07hs004nji04q2agltcx,cmhbybvsq0000s9wnicnvj6md,cmhj8jrye0009i6043vzf3q5g,system,CHECKLIST_UPDATED,"{""itemId"":""cmhj8kp0m0005ky04ygui2sl9""}",2025-11-03T16:05:32.272Z
cmhjc07tv000bl504a9mcey8l,cmhbybvsq0000s9wnicnvj6md,cmhj8jrye0009i6043vzf3q5g,system,CHECKLIST_UPDATED,"{""itemId"":""cmhj8kp0m0005ky04ygui2sl9""}",2025-11-03T16:05:32.707Z
cmhjc0825004pji049shhmqin,cmhbybvsq0000s9wnicnvj6md,cmhj8jrye0009i6043vzf3q5g,system,CHECKLIST_UPDATED,"{""itemId"":""cmhj8kp0m0005ky04ygui2sl9""}",2025-11-03T16:05:33.006Z
cmhjc08de000dl504lureaog7,cmhbybvsq0000s9wnicnvj6md,cmhj8jrye0009i6043vzf3q5g,system,CHECKLIST_UPDATED,"{""itemId"":""cmhj8kp0m0005ky04ygui2sl9""}",2025-11-03T16:05:33.410Z
cmhjc0bra000fl5048vv2jlxi,cmhbybvsq0000s9wnicnvj6md,cmhj8jrye0009i6043vzf3q5g,system,CHECKLIST_UPDATED,"{""itemId"":""cmhj9406a0005l304tocfvg23""}",2025-11-03T16:05:37.799Z
cmhjc0to2000hl504wrcxu9lj,cmhbybvsq0000s9wnicnvj6md,cmhj8jrye0009i6043vzf3q5g,system,CHECKLIST_UPDATED,"{""itemId"":""cmhj9406a0005l304tocfvg23""}",2025-11-03T16:06:01.010Z
cmhjc0u70004rji04gcq6964v,cmhbybvsq0000s9wnicnvj6md,cmhj8jrye0009i6043vzf3q5g,system,CHECKLIST_UPDATED,"{""itemId"":""cmhj9406a0005l304tocfvg23""}",2025-11-03T16:06:01.692Z
cmhjc0ucm000jl504p9jc6hg3,cmhbybvsq0000s9wnicnvj6md,cmhj8jrye0009i6043vzf3q5g,system,CHECKLIST_UPDATED,"{""itemId"":""cmhj9406a0005l304tocfvg23""}",2025-11-03T16:06:01.894Z
cmhjc0uio004tji04vz01dhmo,cmhbybvsq0000s9wnicnvj6md,cmhj8jrye0009i6043vzf3q5g,system,CHECKLIST_UPDATED,"{""itemId"":""cmhj9406a0005l304tocfvg23""}",2025-11-03T16:06:02.113Z
cmhjc0v9g004vji04mbkq2868,cmhbybvsq0000s9wnicnvj6md,cmhj8jrye0009i6043vzf3q5g,system,CHECKLIST_UPDATED,"{""itemId"":""cmhj9406a0005l304tocfvg23""}",2025-11-03T16:06:03.076Z
cmhjc0vil000ll5042w6nei2g,cmhbybvsq0000s9wnicnvj6md,cmhj8jrye0009i6043vzf3q5g,system,CHECKLIST_UPDATED,"{""itemId"":""cmhj9406a0005l304tocfvg23""}",2025-11-03T16:06:03.405Z
cmhjc0vql004xji04a6ksfjwz,cmhbybvsq0000s9wnicnvj6md,cmhj8jrye0009i6043vzf3q5g,system,CHECKLIST_UPDATED,"{""itemId"":""cmhj9406a0005l304tocfvg23""}",2025-11-03T16:06:03.693Z
cmhjc13j5004zji048ffit1gm,cmhbybvsq0000s9wnicnvj6md,cmhj8jrye0009i6043vzf3q5g,system,CHECKLIST_UPDATED,"{""itemId"":""cmhj9406a0005l304tocfvg23""}",2025-11-03T16:06:13.794Z
cmhjc13rm000nl504yd2x7cb3,cmhbybvsq0000s9wnicnvj6md,cmhj8jrye0009i6043vzf3q5g,system,CHECKLIST_UPDATED,"{""itemId"":""cmhj9406a0005l304tocfvg23""}",2025-11-03T16:06:14.098Z
cmhjc13x90051ji04tieqt46t,cmhbybvsq0000s9wnicnvj6md,cmhj8jrye0009i6043vzf3q5g,system,CHECKLIST_UPDATED,"{""itemId"":""cmhj9406a0005l304tocfvg23""}",2025-11-03T16:06:14.301Z
cmhjc141r000pl5047q5np2sq,cmhbybvsq0000s9wnicnvj6md,cmhj8jrye0009i6043vzf3q5g,system,CHECKLIST_UPDATED,"{""itemId"":""cmhj9406a0005l304tocfvg23""}",2025-11-03T16:06:14.464Z
cmhjc146a000rl504towzk6ot,cmhbybvsq0000s9wnicnvj6md,cmhj8jrye0009i6043vzf3q5g,system,CHECKLIST_UPDATED,"{""itemId"":""cmhj9406a0005l304tocfvg23""}",2025-11-03T16:06:14.626Z
cmhjc14vb003nkz04qqzai7wu,cmhbybvsq0000s9wnicnvj6md,cmhj8jrye0009i6043vzf3q5g,system,CHECKLIST_UPDATED,"{""itemId"":""cmhj9406a0005l304tocfvg23""}",2025-11-03T16:06:15.527Z
cmhjc159o000tl50408bujb8t,cmhbybvsq0000s9wnicnvj6md,cmhj8jrye0009i6043vzf3q5g,system,CHECKLIST_UPDATED,"{""itemId"":""cmhj9406a0005l304tocfvg23""}",2025-11-03T16:06:16.045Z
cmhjc15b4000vl504tqdex0ko,cmhbybvsq0000s9wnicnvj6md,cmhj8jrye0009i6043vzf3q5g,system,CHECKLIST_UPDATED,"{""itemId"":""cmhj9406a0005l304tocfvg23""}",2025-11-03T16:06:16.096Z
cmhjc16k0000xl504hfrvhh7j,cmhbybvsq0000s9wnicnvj6md,cmhj8jrye0009i6043vzf3q5g,system,CHECKLIST_UPDATED,"{""itemId"":""cmhj9406a0005l304tocfvg23""}",2025-11-03T16:06:17.712Z
cmhjc171u003pkz04kqdp3x5e,cmhbybvsq0000s9wnicnvj6md,cmhj8jrye0009i6043vzf3q5g,system,CHECKLIST_UPDATED,"{""itemId"":""cmhj9406a0005l304tocfvg23""}",2025-11-03T16:06:18.354Z
cmhjc1742003rkz04g4ma2evg,cmhbybvsq0000s9wnicnvj6md,cmhj8jrye0009i6043vzf3q5g,system,CHECKLIST_UPDATED,"{""itemId"":""cmhj9406a0005l304tocfvg23""}",2025-11-03T16:06:18.434Z
cmhjc17ht003tkz04te44ep78,cmhbybvsq0000s9wnicnvj6md,cmhj8jrye0009i6043vzf3q5g,system,CHECKLIST_UPDATED,"{""itemId"":""cmhj9406a0005l304tocfvg23""}",2025-11-03T16:06:18.930Z
cmhjc17j2003vkz04o6zzlq28,cmhbybvsq0000s9wnicnvj6md,cmhj8jrye0009i6043vzf3q5g,system,CHECKLIST_UPDATED,"{""itemId"":""cmhj9406a0005l304tocfvg23""}",2025-11-03T16:06:18.974Z
cmhjc17vq0053ji04gxzf0ss7,cmhbybvsq0000s9wnicnvj6md,cmhj8jrye0009i6043vzf3q5g,system,CHECKLIST_UPDATED,"{""itemId"":""cmhj9406a0005l304tocfvg23""}",2025-11-03T16:06:19.430Z
cmhjc1813003xkz04xfwyfsha,cmhbybvsq0000s9wnicnvj6md,cmhj8jrye0009i6043vzf3q5g,system,CHECKLIST_UPDATED,"{""itemId"":""cmhj9406a0005l304tocfvg23""}",2025-11-03T16:06:19.623Z
cmhjc18jx0055ji04ubhv261a,cmhbybvsq0000s9wnicnvj6md,cmhj8jrye0009i6043vzf3q5g,system,CHECKLIST_UPDATED,"{""itemId"":""cmhj9406a0005l304tocfvg23""}",2025-11-03T16:06:20.301Z
cmhjc18of003zkz04hk80c67s,cmhbybvsq0000s9wnicnvj6md,cmhj8jrye0009i6043vzf3q5g,system,CHECKLIST_UPDATED,"{""itemId"":""cmhj9406a0005l304tocfvg23""}",2025-11-03T16:06:20.464Z
cmhjc18u30057ji04ezuf87es,cmhbybvsq0000s9wnicnvj6md,cmhj8jrye0009i6043vzf3q5g,system,CHECKLIST_UPDATED,"{""itemId"":""cmhj9406a0005l304tocfvg23""}",2025-11-03T16:06:20.667Z
cmhjc18z50041kz04zz9it2pg,cmhbybvsq0000s9wnicnvj6md,cmhj8jrye0009i6043vzf3q5g,system,CHECKLIST_UPDATED,"{""itemId"":""cmhj9406a0005l304tocfvg23""}",2025-11-03T16:06:20.850Z
cmhjc19ej0059ji04s6b6smnr,cmhbybvsq0000s9wnicnvj6md,cmhj8jrye0009i6043vzf3q5g,system,CHECKLIST_UPDATED,"{""itemId"":""cmhj9406a0005l304tocfvg23""}",2025-11-03T16:06:21.403Z
cmhjc1a22005bji04jwd0ml0j,cmhbybvsq0000s9wnicnvj6md,cmhj8jrye0009i6043vzf3q5g,system,CHECKLIST_UPDATED,"{""itemId"":""cmhj9406a0005l304tocfvg23""}",2025-11-03T16:06:22.250Z
cmhjc1a4t005dji041381fnpj,cmhbybvsq0000s9wnicnvj6md,cmhj8jrye0009i6043vzf3q5g,system,CHECKLIST_UPDATED,"{""itemId"":""cmhj9406a0005l304tocfvg23""}",2025-11-03T16:06:22.350Z
cmhjc1s9c004vkz04b87ewbnq,cmhbybvsq0000s9wnicnvj6md,cmhj8jrye0009i6043vzf3q5g,system,CHECKLIST_UPDATED,"{""itemId"":""cmhj9406a0005l304tocfvg23""}",2025-11-03T16:06:45.841Z
cmhjc1sgh0069ji04zfedpidg,cmhbybvsq0000s9wnicnvj6md,cmhj8jrye0009i6043vzf3q5g,system,CHECKLIST_UPDATED,"{""itemId"":""cmhj9406a0005l304tocfvg23""}",2025-11-03T16:06:46.097Z
cmhjca8dv004xkz044znh0uta,cmhbybvsq0000s9wnicnvj6md,cmhj8jrye0009i6043vzf3q5g,system,TASK_UPDATED,"{""changes"":[""title"",""description"",""priority"",""progress"",""startAt"",""dueAt""]}",2025-11-03T16:13:19.987Z
cmhjcesg90051kz04x8yafjes,cmhbybvsq0000s9wnicnvj6md,cmhj8jrye0009i6043vzf3q5g,system,CHECKLIST_ADDED,"{""title"":""Ozinga Sole Mia""}",2025-11-03T16:16:52.617Z
cmhjceul4006bji04um9btpzj,cmhbybvsq0000s9wnicnvj6md,cmhj8jrye0009i6043vzf3q5g,system,CHECKLIST_DELETED,"{""itemId"":""cmhjcesdo004zkz04d9crt34j""}",2025-11-03T16:16:55.385Z
cmhjcfowu006fji04codj9sao,cmhbybvsq0000s9wnicnvj6md,cmhj8jrye0009i6043vzf3q5g,system,CHECKLIST_ADDED,"{""title"":""Ozinga Solemia: 36'6\"" open roll gate 6' high""}",2025-11-03T16:17:34.686Z
cmhjc1a990043kz04y8jnrdyf,cmhbybvsq0000s9wnicnvj6md,cmhj8jrye0009i6043vzf3q5g,system,CHECKLIST_UPDATED,"{""itemId"":""cmhj9406a0005l304tocfvg23""}",2025-11-03T16:06:22.509Z
cmhjc1aem005fji045ftlmlxp,cmhbybvsq0000s9wnicnvj6md,cmhj8jrye0009i6043vzf3q5g,system,CHECKLIST_UPDATED,"{""itemId"":""cmhj9406a0005l304tocfvg23""}",2025-11-03T16:06:22.703Z
cmhjc1akk0045kz041ex59scu,cmhbybvsq0000s9wnicnvj6md,cmhj8jrye0009i6043vzf3q5g,system,CHECKLIST_UPDATED,"{""itemId"":""cmhj9406a0005l304tocfvg23""}",2025-11-03T16:06:22.917Z
cmhjc1b14005hji04k4q4oj4i,cmhbybvsq0000s9wnicnvj6md,cmhj8jrye0009i6043vzf3q5g,system,CHECKLIST_UPDATED,"{""itemId"":""cmhj9406a0005l304tocfvg23""}",2025-11-03T16:06:23.512Z
cmhjc1bi40047kz046vm5b1ur,cmhbybvsq0000s9wnicnvj6md,cmhj8jrye0009i6043vzf3q5g,system,CHECKLIST_UPDATED,"{""itemId"":""cmhj9406a0005l304tocfvg23""}",2025-11-03T16:06:24.125Z
cmhjc1fif0049kz04kqg7l0y9,cmhbybvsq0000s9wnicnvj6md,cmhj8jrye0009i6043vzf3q5g,system,CHECKLIST_UPDATED,"{""itemId"":""cmhj9406a0005l304tocfvg23""}",2025-11-03T16:06:29.319Z
cmhjc1fuj005jji04r8i8tiwm,cmhbybvsq0000s9wnicnvj6md,cmhj8jrye0009i6043vzf3q5g,system,CHECKLIST_UPDATED,"{""itemId"":""cmhj9406a0005l304tocfvg23""}",2025-11-03T16:06:29.755Z
cmhjc1gfr005lji04lgepe1yw,cmhbybvsq0000s9wnicnvj6md,cmhj8jrye0009i6043vzf3q5g,system,CHECKLIST_UPDATED,"{""itemId"":""cmhj9406a0005l304tocfvg23""}",2025-11-03T16:06:30.519Z
cmhjc1h58004bkz04xzieb105,cmhbybvsq0000s9wnicnvj6md,cmhj8jrye0009i6043vzf3q5g,system,CHECKLIST_UPDATED,"{""itemId"":""cmhj9406a0005l304tocfvg23""}",2025-11-03T16:06:31.437Z
cmhjc1hqv005nji042vgzxhwf,cmhbybvsq0000s9wnicnvj6md,cmhj8jrye0009i6043vzf3q5g,system,CHECKLIST_UPDATED,"{""itemId"":""cmhj9406a0005l304tocfvg23""}",2025-11-03T16:06:32.216Z
cmhjc1i7k004dkz04eqpruu2h,cmhbybvsq0000s9wnicnvj6md,cmhj8jrye0009i6043vzf3q5g,system,CHECKLIST_UPDATED,"{""itemId"":""cmhj9406a0005l304tocfvg23""}",2025-11-03T16:06:32.816Z
cmhjc1ils005pji04mc0zyh4g,cmhbybvsq0000s9wnicnvj6md,cmhj8jrye0009i6043vzf3q5g,system,CHECKLIST_UPDATED,"{""itemId"":""cmhj9406a0005l304tocfvg23""}",2025-11-03T16:06:33.329Z
cmhjc1j40004fkz04tvg3duch,cmhbybvsq0000s9wnicnvj6md,cmhj8jrye0009i6043vzf3q5g,system,CHECKLIST_UPDATED,"{""itemId"":""cmhj9406a0005l304tocfvg23""}",2025-11-03T16:06:33.985Z
cmhjc1jdz005rji04rg99nb92,cmhbybvsq0000s9wnicnvj6md,cmhj8jrye0009i6043vzf3q5g,system,CHECKLIST_UPDATED,"{""itemId"":""cmhj9406a0005l304tocfvg23""}",2025-11-03T16:06:34.343Z
cmhjc1jq8004hkz04hq40jued,cmhbybvsq0000s9wnicnvj6md,cmhj8jrye0009i6043vzf3q5g,system,CHECKLIST_UPDATED,"{""itemId"":""cmhj9406a0005l304tocfvg23""}",2025-11-03T16:06:34.785Z
cmhjc1k59005tji040id87h6c,cmhbybvsq0000s9wnicnvj6md,cmhj8jrye0009i6043vzf3q5g,system,CHECKLIST_UPDATED,"{""itemId"":""cmhj9406a0005l304tocfvg23""}",2025-11-03T16:06:35.326Z
cmhjc1kuk005vji04cgwt6451,cmhbybvsq0000s9wnicnvj6md,cmhj8jrye0009i6043vzf3q5g,system,CHECKLIST_UPDATED,"{""itemId"":""cmhj9406a0005l304tocfvg23""}",2025-11-03T16:06:36.236Z
cmhjc1l1b005xji045vepifmw,cmhbybvsq0000s9wnicnvj6md,cmhj8jrye0009i6043vzf3q5g,system,CHECKLIST_UPDATED,"{""itemId"":""cmhj9406a0005l304tocfvg23""}",2025-11-03T16:06:36.479Z
cmhjc1lde004jkz04qb2dexta,cmhbybvsq0000s9wnicnvj6md,cmhj8jrye0009i6043vzf3q5g,system,CHECKLIST_UPDATED,"{""itemId"":""cmhj9406a0005l304tocfvg23""}",2025-11-03T16:06:36.915Z
cmhjc1luz005zji04ww5qb5xr,cmhbybvsq0000s9wnicnvj6md,cmhj8jrye0009i6043vzf3q5g,system,CHECKLIST_UPDATED,"{""itemId"":""cmhj9406a0005l304tocfvg23""}",2025-11-03T16:06:37.547Z
cmhjc1m3x004lkz046czak2gj,cmhbybvsq0000s9wnicnvj6md,cmhj8jrye0009i6043vzf3q5g,system,CHECKLIST_UPDATED,"{""itemId"":""cmhj9406a0005l304tocfvg23""}",2025-11-03T16:06:37.869Z
cmhjc1mdg004nkz04l60am3kb,cmhbybvsq0000s9wnicnvj6md,cmhj8jrye0009i6043vzf3q5g,system,CHECKLIST_UPDATED,"{""itemId"":""cmhj9406a0005l304tocfvg23""}",2025-11-03T16:06:38.213Z
cmhjc1mpq0061ji04ndcm0i9q,cmhbybvsq0000s9wnicnvj6md,cmhj8jrye0009i6043vzf3q5g,system,CHECKLIST_UPDATED,"{""itemId"":""cmhj9406a0005l304tocfvg23""}",2025-11-03T16:06:38.654Z
cmhjc1mzt004pkz04lxicw43b,cmhbybvsq0000s9wnicnvj6md,cmhj8jrye0009i6043vzf3q5g,system,CHECKLIST_UPDATED,"{""itemId"":""cmhj9406a0005l304tocfvg23""}",2025-11-03T16:06:39.017Z
cmhjc1n8e0063ji04dvj9vsbi,cmhbybvsq0000s9wnicnvj6md,cmhj8jrye0009i6043vzf3q5g,system,CHECKLIST_UPDATED,"{""itemId"":""cmhj9406a0005l304tocfvg23""}",2025-11-03T16:06:39.326Z
cmhjc1ntl004rkz04ybgk5e7f,cmhbybvsq0000s9wnicnvj6md,cmhj8jrye0009i6043vzf3q5g,system,CHECKLIST_UPDATED,"{""itemId"":""cmhj9406a0005l304tocfvg23""}",2025-11-03T16:06:40.090Z
cmhjc1qu40065ji04g8k4xaml,cmhbybvsq0000s9wnicnvj6md,cmhj8jrye0009i6043vzf3q5g,system,CHECKLIST_UPDATED,"{""itemId"":""cmhj9406a0005l304tocfvg23""}",2025-11-03T16:06:43.996Z
cmhjc1r6x004tkz04jmsb3jr6,cmhbybvsq0000s9wnicnvj6md,cmhj8jrye0009i6043vzf3q5g,system,CHECKLIST_UPDATED,"{""itemId"":""cmhj9406a0005l304tocfvg23""}",2025-11-03T16:06:44.458Z
cmhjc1rle0067ji048oam4gc4,cmhbybvsq0000s9wnicnvj6md,cmhj8jrye0009i6043vzf3q5g,system,CHECKLIST_UPDATED,"{""itemId"":""cmhj9406a0005l304tocfvg23""}",2025-11-03T16:06:44.979Z
cmhjhwcxi0001le04crl7swya,cmhbybvsq0000s9wnicnvj6md,cmhj6v1co0007ie04qyfmkg3a,system,TASK_UPDATED,"{""changes"":[""title"",""description"",""priority"",""progress"",""startAt"",""dueAt""]}",2025-11-03T18:50:30.389Z
cmhjhwile0003le04x8wxam35,cmhbybvsq0000s9wnicnvj6md,cmhj4iepo0007la04vw94fv6l,system,TASK_UPDATED,"{""changes"":[""title"",""description"",""priority"",""progress"",""startAt"",""dueAt""]}",2025-11-03T18:50:37.731Z
cmhjhwnx20005le04x176i3e4,cmhbybvsq0000s9wnicnvj6md,cmhj4iepo0007la04vw94fv6l,system,CHECKLIST_UPDATED,"{""itemId"":""cmhj4iobu000hla04bvf1yhrj""}",2025-11-03T18:50:44.630Z
cmhjhx3r10009le04ojizoekx,cmhbybvsq0000s9wnicnvj6md,cmhj4iepo0007la04vw94fv6l,system,CHECKLIST_ADDED,"{""title"":""5 Posts""}",2025-11-03T18:51:05.149Z
cmhjhxydu0001lh04iy1yl700,cmhbybvsq0000s9wnicnvj6md,cmhj4iepo0007la04vw94fv6l,system,TASK_UPDATED,"{""changes"":[""title"",""description"",""priority"",""progress"",""startAt"",""dueAt""]}",2025-11-03T18:51:44.849Z
cmhjhy9530003lh047frgt1b6,cmhbybvsq0000s9wnicnvj6md,cmhj4iepo0007la04vw94fv6l,system,CHECKLIST_UPDATED,"{""itemId"":""cmhjhx3ps0007le04mpxx273r""}",2025-11-03T18:51:58.791Z
cmhjhy9tr0005lh04b1wi9k9z,cmhbybvsq0000s9wnicnvj6md,cmhj4iepo0007la04vw94fv6l,system,CHECKLIST_UPDATED,"{""itemId"":""cmhjhx3ps0007le04mpxx273r""}",2025-11-03T18:51:59.680Z
cmhjhyani000ble04vix8golj,cmhbybvsq0000s9wnicnvj6md,cmhj4iepo0007la04vw94fv6l,system,CHECKLIST_UPDATED,"{""itemId"":""cmhjhx3ps0007le04mpxx273r""}",2025-11-03T18:52:00.750Z
cmhjhybtg000dle04ujf8k5yd,cmhbybvsq0000s9wnicnvj6md,cmhj4iepo0007la04vw94fv6l,system,CHECKLIST_UPDATED,"{""itemId"":""cmhjhx3ps0007le04mpxx273r""}",2025-11-03T18:52:02.261Z
cmhjhybvh000fle04hrg35efp,cmhbybvsq0000s9wnicnvj6md,cmhj4iepo0007la04vw94fv6l,system,CHECKLIST_UPDATED,"{""itemId"":""cmhjhx3ps0007le04mpxx273r""}",2025-11-03T18:52:02.333Z
cmhjhydrv0007lh04yfs1pbi4,cmhbybvsq0000s9wnicnvj6md,cmhj4iepo0007la04vw94fv6l,system,CHECKLIST_UPDATED,"{""itemId"":""cmhjhx3ps0007le04mpxx273r""}",2025-11-03T18:52:04.795Z
cmhjhyepv000hle042b1eozr3,cmhbybvsq0000s9wnicnvj6md,cmhj4iepo0007la04vw94fv6l,system,CHECKLIST_UPDATED,"{""itemId"":""cmhjhx3ps0007le04mpxx273r""}",2025-11-03T18:52:06.020Z
cmhjhyera000jle04oy4qu8ln,cmhbybvsq0000s9wnicnvj6md,cmhj4iepo0007la04vw94fv6l,system,CHECKLIST_UPDATED,"{""itemId"":""cmhjhx3ps0007le04mpxx273r""}",2025-11-03T18:52:06.070Z
cmhjhyfs80009lh045887owdb,cmhbybvsq0000s9wnicnvj6md,cmhj4iepo0007la04vw94fv6l,system,CHECKLIST_UPDATED,"{""itemId"":""cmhjhx3ps0007le04mpxx273r""}",2025-11-03T18:52:07.401Z
cmhjhygy7000blh04n0swfhzy,cmhbybvsq0000s9wnicnvj6md,cmhj4iepo0007la04vw94fv6l,system,CHECKLIST_UPDATED,"{""itemId"":""cmhjhx3ps0007le04mpxx273r""}",2025-11-03T18:52:08.911Z
cmhjhygza000dlh049cjr4xnh,cmhbybvsq0000s9wnicnvj6md,cmhj4iepo0007la04vw94fv6l,system,CHECKLIST_UPDATED,"{""itemId"":""cmhjhx3ps0007le04mpxx273r""}",2025-11-03T18:52:08.950Z
cmhjhyhop000flh0443con7bp,cmhbybvsq0000s9wnicnvj6md,cmhj4iepo0007la04vw94fv6l,system,CHECKLIST_UPDATED,"{""itemId"":""cmhjhx3ps0007le04mpxx273r""}",2025-11-03T18:52:09.866Z
cmhjhyi1n000hlh04uwof7y2n,cmhbybvsq0000s9wnicnvj6md,cmhj4iepo0007la04vw94fv6l,system,CHECKLIST_UPDATED,"{""itemId"":""cmhjhx3ps0007le04mpxx273r""}",2025-11-03T18:52:10.332Z
cmhjhyiv1000lle048rxk2l49,cmhbybvsq0000s9wnicnvj6md,cmhj4iepo0007la04vw94fv6l,system,CHECKLIST_UPDATED,"{""itemId"":""cmhjhx3ps0007le04mpxx273r""}",2025-11-03T18:52:11.390Z
cmhjhykog000jlh04wks7k4iv,cmhbybvsq0000s9wnicnvj6md,cmhj4iepo0007la04vw94fv6l,system,CHECKLIST_UPDATED,"{""itemId"":""cmhjhx3ps0007le04mpxx273r""}",2025-11-03T18:52:13.744Z
cmhjhymnf000llh04ejq4u847,cmhbybvsq0000s9wnicnvj6md,cmhj4iepo0007la04vw94fv6l,system,CHECKLIST_UPDATED,"{""itemId"":""cmhjhx3ps0007le04mpxx273r""}",2025-11-03T18:52:16.300Z
cmhjhymut000nlh04sfbiyovw,cmhbybvsq0000s9wnicnvj6md,cmhj4iepo0007la04vw94fv6l,system,CHECKLIST_UPDATED,"{""itemId"":""cmhjhx3ps0007le04mpxx273r""}",2025-11-03T18:52:16.565Z
cmhjhymyt000plh04pcnuosma,cmhbybvsq0000s9wnicnvj6md,cmhj4iepo0007la04vw94fv6l,system,CHECKLIST_UPDATED,"{""itemId"":""cmhjhx3ps0007le04mpxx273r""}",2025-11-03T18:52:16.709Z
cmhjhyn28000nle04ollfkvdw,cmhbybvsq0000s9wnicnvj6md,cmhj4iepo0007la04vw94fv6l,system,CHECKLIST_UPDATED,"{""itemId"":""cmhjhx3ps0007le04mpxx273r""}",2025-11-03T18:52:16.832Z
cmhjhyna1000rlh04u8eodq6g,cmhbybvsq0000s9wnicnvj6md,cmhj4iepo0007la04vw94fv6l,system,CHECKLIST_UPDATED,"{""itemId"":""cmhjhx3ps0007le04mpxx273r""}",2025-11-03T18:52:17.114Z
cmhjhynfp000ple04peg2fssp,cmhbybvsq0000s9wnicnvj6md,cmhj4iepo0007la04vw94fv6l,system,CHECKLIST_UPDATED,"{""itemId"":""cmhjhx3ps0007le04mpxx273r""}",2025-11-03T18:52:17.317Z
cmhjhynhv000rle04bgh32rw8,cmhbybvsq0000s9wnicnvj6md,cmhj4iepo0007la04vw94fv6l,system,CHECKLIST_UPDATED,"{""itemId"":""cmhjhx3ps0007le04mpxx273r""}",2025-11-03T18:52:17.396Z
cmhjhyogg0001ld04dzqt1tnq,cmhbybvsq0000s9wnicnvj6md,cmhj4iepo0007la04vw94fv6l,system,CHECKLIST_UPDATED,"{""itemId"":""cmhjhx3ps0007le04mpxx273r""}",2025-11-03T18:52:18.639Z
cmhjhyp7e0003ld04iw0ve6ti,cmhbybvsq0000s9wnicnvj6md,cmhj4iepo0007la04vw94fv6l,system,CHECKLIST_UPDATED,"{""itemId"":""cmhjhx3ps0007le04mpxx273r""}",2025-11-03T18:52:19.611Z
cmhjhypp6000tle040y3aqs1g,cmhbybvsq0000s9wnicnvj6md,cmhj4iepo0007la04vw94fv6l,system,CHECKLIST_UPDATED,"{""itemId"":""cmhjhx3ps0007le04mpxx273r""}",2025-11-03T18:52:20.250Z
cmhjhyqee0005ld04m9uf9o86,cmhbybvsq0000s9wnicnvj6md,cmhj4iepo0007la04vw94fv6l,system,CHECKLIST_UPDATED,"{""itemId"":""cmhjhx3ps0007le04mpxx273r""}",2025-11-03T18:52:21.159Z
cmhjhyqhw000vle043jheqdwe,cmhbybvsq0000s9wnicnvj6md,cmhj4iepo0007la04vw94fv6l,system,CHECKLIST_UPDATED,"{""itemId"":""cmhjhx3ps0007le04mpxx273r""}",2025-11-03T18:52:21.284Z
cmhjhyr6f0007ld04fvk1wcwg,cmhbybvsq0000s9wnicnvj6md,cmhj4iepo0007la04vw94fv6l,system,CHECKLIST_UPDATED,"{""itemId"":""cmhjhx3ps0007le04mpxx273r""}",2025-11-03T18:52:22.168Z
cmhjhys7s0009ld0489gswvdj,cmhbybvsq0000s9wnicnvj6md,cmhj4iepo0007la04vw94fv6l,system,CHECKLIST_UPDATED,"{""itemId"":""cmhjhx3ps0007le04mpxx273r""}",2025-11-03T18:52:23.513Z
cmhjhysoo000xle04wpzxzq0o,cmhbybvsq0000s9wnicnvj6md,cmhj4iepo0007la04vw94fv6l,system,CHECKLIST_UPDATED,"{""itemId"":""cmhjhx3ps0007le04mpxx273r""}",2025-11-03T18:52:24.120Z
cmhjhz7wu0011le04qs3fmbdi,cmhbybvsq0000s9wnicnvj6md,cmhj4iepo0007la04vw94fv6l,system,CHECKLIST_ADDED,"{""title"":""No Closure Needed""}",2025-11-03T18:52:43.854Z
cmhjijfc8000tlh04brksd8xz,cmhbybvsq0000s9wnicnvj6md,cmhj4iepo0007la04vw94fv6l,system,TASK_UPDATED,"{""changes"":[""title"",""description"",""priority"",""progress"",""startAt"",""dueAt""]}",2025-11-03T19:08:26.600Z
cmhjijrq0000xlh04g05zukjp,cmhbybvsq0000s9wnicnvj6md,cmhj4iepo0007la04vw94fv6l,demo-user,COMMENT_ADDED,{},2025-11-03T19:08:42.648Z
cmhjirklp000zlh0462uqar59,cmhbybvsq0000s9wnicnvj6md,cmhj4iepo0007la04vw94fv6l,system,TASK_UPDATED,"{""changes"":[""title"",""description"",""priority"",""progress"",""startAt"",""dueAt""]}",2025-11-03T19:14:46.669Z
cmhjq1jky0003l404se4w3oft,cmhbybvsq0000s9wnicnvj6md,,system,BUCKET_CREATED,"{""name"":""KDR"",""bucketId"":""cmhjq1jjy0001l404fjkck2yx""}",2025-11-03T22:38:29.219Z
cmhjq1n1l0005l4049s8u615d,cmhbybvsq0000s9wnicnvj6md,,system,BUCKET_UPDATED,"{""fields"":[""name""],""bucketId"":""cmhjq1jjy0001l404fjkck2yx""}",2025-11-03T22:38:33.705Z
cmhjq1t8o0009l404skqfv3pw,cmhbybvsq0000s9wnicnvj6md,cmhjq1t7q0007l404x8r3a3cp,system,TASK_CREATED,"{""title"":""The Falls in Miami""}",2025-11-03T22:38:41.737Z
cmhjq1u9x000bl404k23cqg2o,cmhbybvsq0000s9wnicnvj6md,cmhjq1t7q0007l404x8r3a3cp,system,TASK_UPDATED,"{""changes"":[""title"",""description"",""priority"",""progress"",""startAt"",""dueAt""]}",2025-11-03T22:38:43.077Z
cmhjq2wai000fl404o9tzqu99,cmhbybvsq0000s9wnicnvj6md,cmhjq1t7q0007l404x8r3a3cp,demo-user,COMMENT_ADDED,{},2025-11-03T22:39:32.346Z
cmhjvmwr60001s9fx9hpsiwkt,cmhbybvsq0000s9wnicnvj6md,cmhja7x4z000bl104uqed5c64,system,TASK_UPDATED,"{""changes"":[""title"",""description"",""priority"",""progress"",""startAt"",""dueAt""]}",2025-11-04T01:15:04.146Z
cmhjvnekq0003s9fxtqgxo5sd,cmhbybvsq0000s9wnicnvj6md,cmhhyluys000js9dg2xls1ri7,system,TASK_UPDATED,"{""changes"":[""title"",""description"",""priority"",""progress"",""startAt"",""dueAt""]}",2025-11-04T01:15:27.243Z
cmhjvnhrw0005s9fxc8tray83,cmhbybvsq0000s9wnicnvj6md,cmhhz8lx50007s9c1rjqia099,system,TASK_UPDATED,"{""changes"":[""title"",""description"",""priority"",""progress"",""startAt"",""dueAt""]}",2025-11-04T01:15:31.389Z
cmhjvpw1a0007s9fxobd0ni8z,cmhbybvsq0000s9wnicnvj6md,cmhjq1t7q0007l404x8r3a3cp,system,TASK_UPDATED,"{""changes"":[""title"",""description"",""priority"",""progress"",""startAt"",""dueAt""]}",2025-11-04T01:17:23.183Z
cmhkheuw70001ju044ckv9z5t,cmhbybvsq0000s9wnicnvj6md,cmhhyluys000js9dg2xls1ri7,system,TASK_UPDATED,"{""changes"":[""title"",""description"",""priority"",""progress"",""startAt"",""dueAt""]}",2025-11-04T11:24:40.038Z
cmhkhf13g0003ju04jjb7vbg1,cmhbybvsq0000s9wnicnvj6md,cmhhz8lx50007s9c1rjqia099,system,TASK_UPDATED,"{""changes"":[""title"",""description"",""priority"",""progress"",""startAt"",""dueAt""]}",2025-11-04T11:24:48.076Z
cmhkhf5mq0005ju04go6mlupk,cmhbybvsq0000s9wnicnvj6md,cmhj7ueqx000fju04ehmi35ag,system,TASK_UPDATED,"{""changes"":[""title"",""description"",""priority"",""progress"",""startAt"",""dueAt""]}",2025-11-04T11:24:53.955Z
cmhkhf6r90007ju043l2g12jz,cmhbybvsq0000s9wnicnvj6md,cmhj6v1co0007ie04qyfmkg3a,system,TASK_UPDATED,"{""changes"":[""title"",""description"",""priority"",""progress"",""startAt"",""dueAt""]}",2025-11-04T11:24:55.414Z
cmhkhf7g00009ju0476i3oiut,cmhbybvsq0000s9wnicnvj6md,cmhjaal4v0003jm044gywnvwv,system,TASK_UPDATED,"{""changes"":[""title"",""description"",""priority"",""progress"",""startAt"",""dueAt""]}",2025-11-04T11:24:56.305Z
cmhkhfbm6000bju04d1pr2d87,cmhbybvsq0000s9wnicnvj6md,cmhj4iepo0007la04vw94fv6l,system,TASK_UPDATED,"{""changes"":[""title"",""description"",""priority"",""progress"",""startAt"",""dueAt""]}",2025-11-04T11:25:01.711Z
cmhkhfe12000dju04uzhijotj,cmhbybvsq0000s9wnicnvj6md,cmhj4ufmu0009jp04g60xle0k,system,TASK_UPDATED,"{""changes"":[""title"",""description"",""priority"",""progress"",""startAt"",""dueAt""]}",2025-11-04T11:25:04.838Z
cmhkhfg5p000fju04gtn9b6s1,cmhbybvsq0000s9wnicnvj6md,cmhj8jrye0009i6043vzf3q5g,system,TASK_UPDATED,"{""changes"":[""title"",""description"",""priority"",""progress"",""startAt"",""dueAt""]}",2025-11-04T11:25:07.597Z
cmhkhfjek000hju04ezc5m3et,cmhbybvsq0000s9wnicnvj6md,cmhj8qf060007jo04pvpy9cla,system,TASK_UPDATED,"{""changes"":[""title"",""description"",""priority"",""progress"",""startAt"",""dueAt""]}",2025-11-04T11:25:11.804Z
cmhkico4r0001ld046mfjihmc,cmhbybvsq0000s9wnicnvj6md,cmhjq1t7q0007l404x8r3a3cp,system,TASK_UPDATED,"{""changes"":[""title"",""description"",""priority"",""progress"",""startAt"",""dueAt""]}",2025-11-04T11:50:57.578Z
cmhkid0gn0003ld049raell28,cmhbybvsq0000s9wnicnvj6md,cmhj6v1co0007ie04qyfmkg3a,system,TASK_UPDATED,"{""changes"":[""title"",""description"",""priority"",""progress"",""startAt"",""dueAt""]}",2025-11-04T11:51:13.560Z
cmhkid0wk0005ld04eodli0aa,cmhbybvsq0000s9wnicnvj6md,cmhhz8lx50007s9c1rjqia099,system,TASK_UPDATED,"{""changes"":[""title"",""description"",""priority"",""progress"",""startAt"",""dueAt""]}",2025-11-04T11:51:14.132Z
cmhkid1bt0007ld04p1iykq6y,cmhbybvsq0000s9wnicnvj6md,cmhhyluys000js9dg2xls1ri7,system,TASK_UPDATED,"{""changes"":[""title"",""description"",""priority"",""progress"",""startAt"",""dueAt""]}",2025-11-04T11:51:14.682Z
cmhkid1yv0009ld042jkjxvip,cmhbybvsq0000s9wnicnvj6md,cmhjq1t7q0007l404x8r3a3cp,system,TASK_UPDATED,"{""changes"":[""title"",""description"",""priority"",""progress"",""startAt"",""dueAt""]}",2025-11-04T11:51:15.512Z
cmhkid3ii000bld04lld3qvos,cmhbybvsq0000s9wnicnvj6md,cmhj4iepo0007la04vw94fv6l,system,TASK_UPDATED,"{""changes"":[""title"",""description"",""priority"",""progress"",""startAt"",""dueAt""]}",2025-11-04T11:51:17.515Z
cmhkidfx6000dld044xf5msnj,cmhbybvsq0000s9wnicnvj6md,cmhja7x4z000bl104uqed5c64,system,TASK_UPDATED,"{""changes"":[""title"",""description"",""priority"",""progress"",""startAt"",""dueAt""]}",2025-11-04T11:51:33.594Z
cmhkkez8i0003i804v1zt8fsa,cmhbybvsq0000s9wnicnvj6md,,system,BUCKET_CREATED,"{""name"":""OHLA"",""bucketId"":""cmhkkez7m0001i804pju73vyn""}",2025-11-04T12:48:44.515Z
cmhkkf4ht0007i8044kewyllc,cmhbybvsq0000s9wnicnvj6md,cmhkkf4gx0005i804se43i5pj,system,TASK_CREATED,"{""title"":""Joel Blvd""}",2025-11-04T12:48:51.330Z
cmhkkf61u0009i804ak1eiktj,cmhbybvsq0000s9wnicnvj6md,cmhkkf4gx0005i804se43i5pj,system,TASK_UPDATED,"{""changes"":[""title"",""description"",""priority"",""progress"",""startAt"",""dueAt""]}",2025-11-04T12:48:53.346Z
cmhkkfy0e000di8049r3k9y8g,cmhbybvsq0000s9wnicnvj6md,cmhkkf4gx0005i804se43i5pj,demo-user,COMMENT_ADDED,{},2025-11-04T12:49:29.582Z
cmhkkmzvl000fi804ry1rdqcv,cmhbybvsq0000s9wnicnvj6md,cmhjaal4v0003jm044gywnvwv,system,TASK_UPDATED,"{""changes"":[""title"",""description"",""priority"",""progress"",""startAt"",""dueAt""]}",2025-11-04T12:54:58.593Z
cmhkkn2e6000hi804r3xjf3yd,cmhbybvsq0000s9wnicnvj6md,cmhjaal4v0003jm044gywnvwv,system,TASK_UPDATED,"{""changes"":[""title"",""description"",""priority"",""progress"",""startAt"",""dueAt""]}",2025-11-04T12:55:01.855Z
cmhkkws890001i904pj94stg9,cmhbybvsq0000s9wnicnvj6md,cmhjq1t7q0007l404x8r3a3cp,system,TASK_UPDATED,"{""changes"":[""title"",""description"",""priority"",""progress"",""startAt"",""dueAt""]}",2025-11-04T13:02:35.240Z
cmhklcuyo0003i904finui9y9,cmhbybvsq0000s9wnicnvj6md,cmhj8qf060007jo04pvpy9cla,system,TASK_UPDATED,"{""changes"":[""title"",""description"",""priority"",""progress"",""startAt"",""dueAt""]}",2025-11-04T13:15:05.281Z
cmhkn9hcw0005i904a1laypp6,cmhbybvsq0000s9wnicnvj6md,cmhj4iepo0007la04vw94fv6l,system,TASK_UPDATED,"{""changes"":[""title"",""description"",""priority"",""progress"",""startAt"",""dueAt""]}",2025-11-04T14:08:26.913Z
cmhknp8870001l5046ko0osz8,cmhbybvsq0000s9wnicnvj6md,cmhjq1t7q0007l404x8r3a3cp,system,TASK_UPDATED,"{""changes"":[""title"",""description"",""priority"",""progress"",""startAt"",""dueAt""]}",2025-11-04T14:20:41.574Z
cmhkph68z0001jx04z6luefeh,cmhbybvsq0000s9wnicnvj6md,cmhjq1t7q0007l404x8r3a3cp,system,TASK_UPDATED,"{""changes"":[""title"",""description"",""priority"",""progress"",""startAt"",""dueAt""]}",2025-11-04T15:10:24.994Z
cmhkq9c6a0001la04vxnozutu,cmhbybvsq0000s9wnicnvj6md,cmhj8jrye0009i6043vzf3q5g,system,TASK_UPDATED,"{""changes"":[""title"",""description"",""priority"",""progress"",""startAt"",""dueAt""]}",2025-11-04T15:32:19.041Z
cmhkq9wet0003la04ynjmfpn8,cmhbybvsq0000s9wnicnvj6md,cmhja7x4z000bl104uqed5c64,system,TASK_UPDATED,"{""changes"":[""title"",""description"",""priority"",""progress"",""startAt"",""dueAt""]}",2025-11-04T15:32:45.269Z
cmhkqa9pw0007la04ancn1tdx,cmhbybvsq0000s9wnicnvj6md,,system,BUCKET_CREATED,"{""name"":""Central Civil NDWTTP"",""bucketId"":""cmhkqa9nu0005la04gswl1wka""}",2025-11-04T15:33:02.516Z
cmhkv5t890001l704fofa3sfi,cmhbybvsq0000s9wnicnvj6md,cmhjq1t7q0007l404x8r3a3cp,system,TASK_UPDATED,"{""changes"":[""title"",""description"",""priority"",""progress"",""startAt"",""dueAt""]}",2025-11-04T17:49:32.600Z
cmhkv7kbh0003l70431bmh1ui,cmhbybvsq0000s9wnicnvj6md,cmhhyluys000js9dg2xls1ri7,system,TASK_UPDATED,"{""changes"":[""title"",""description"",""priority"",""progress"",""startAt"",""dueAt""]}",2025-11-04T17:50:54.366Z
cmhkv7xqf0001i904in3b3ydm,cmhbybvsq0000s9wnicnvj6md,cmhhz8lx50007s9c1rjqia099,system,TASK_UPDATED,"{""changes"":[""title"",""description"",""priority"",""progress"",""startAt"",""dueAt""]}",2025-11-04T17:51:11.749Z
cmhkv8rn10003i904kr0yds94,cmhbybvsq0000s9wnicnvj6md,cmhj8qf060007jo04pvpy9cla,system,TASK_UPDATED,"{""changes"":[""title"",""description"",""priority"",""progress"",""startAt"",""dueAt""]}",2025-11-04T17:51:50.509Z
cmhkv8ufm0005i904tgsmmami,cmhbybvsq0000s9wnicnvj6md,cmhhz8lx50007s9c1rjqia099,system,TASK_UPDATED,"{""changes"":[""title"",""description"",""priority"",""progress"",""startAt"",""dueAt""]}",2025-11-04T17:51:54.131Z
cmhkv8ur40007i904kmai40hc,cmhbybvsq0000s9wnicnvj6md,cmhhyluys000js9dg2xls1ri7,system,TASK_UPDATED,"{""changes"":[""title"",""description"",""priority"",""progress"",""startAt"",""dueAt""]}",2025-11-04T17:51:54.545Z
cmhkv8v5p0009i904r93ob8bo,cmhbybvsq0000s9wnicnvj6md,cmhj6v1co0007ie04qyfmkg3a,system,TASK_UPDATED,"{""changes"":[""title"",""description"",""priority"",""progress"",""startAt"",""dueAt""]}",2025-11-04T17:51:55.070Z
cmhkv8vht000bi904pjdtv1w0,cmhbybvsq0000s9wnicnvj6md,cmhj7ueqx000fju04ehmi35ag,system,TASK_UPDATED,"{""changes"":[""title"",""description"",""priority"",""progress"",""startAt"",""dueAt""]}",2025-11-04T17:51:55.506Z
cmhkv8vv7000di904r2vovn43,cmhbybvsq0000s9wnicnvj6md,cmhjaal4v0003jm044gywnvwv,system,TASK_UPDATED,"{""changes"":[""title"",""description"",""priority"",""progress"",""startAt"",""dueAt""]}",2025-11-04T17:51:55.988Z
cmhkv8wr4000fi904anoghf1f,cmhbybvsq0000s9wnicnvj6md,cmhjq1t7q0007l404x8r3a3cp,system,TASK_UPDATED,"{""changes"":[""title"",""description"",""priority"",""progress"",""startAt"",""dueAt""]}",2025-11-04T17:51:57.136Z
cmhor7xzc0003jl04dmh05k4t,cmhbybvsq0000s9wnicnvj6md,,system,BUCKET_CREATED,"{""name"":""Phoenix Fence"",""bucketId"":""cmhor7xy50001jl045pzp8vzm""}",2025-11-07T11:10:18.313Z
cmhor858y0005jl04w1qeaatt,cmhbybvsq0000s9wnicnvj6md,cmhj6v1co0007ie04qyfmkg3a,system,TASK_UPDATED,"{""changes"":[""title"",""description"",""priority"",""progress"",""startAt"",""dueAt""]}",2025-11-07T11:10:27.731Z
cmhor8j9s0009jl04k0mbfb7v,cmhbybvsq0000s9wnicnvj6md,cmhor8j8w0007jl04ysigbh9o,system,TASK_CREATED,"{""title"":""Black Point Guardrail""}",2025-11-07T11:10:45.904Z
cmhor8lg6000bjl047o8u6w1v,cmhbybvsq0000s9wnicnvj6md,cmhor8j8w0007jl04ysigbh9o,system,TASK_UPDATED,"{""changes"":[""title"",""description"",""priority"",""progress"",""startAt"",""dueAt""]}",2025-11-07T11:10:48.726Z
cmhor8ss9000djl04rrdf481z,cmhbybvsq0000s9wnicnvj6md,cmhor8j8w0007jl04ysigbh9o,system,TASK_UPDATED,"{""changes"":[""title"",""description"",""priority"",""progress"",""startAt"",""dueAt""]}",2025-11-07T11:10:58.233Z
cmhoramos000hjl043qtiep35,cmhbybvsq0000s9wnicnvj6md,cmhor8j8w0007jl04ysigbh9o,system,CHECKLIST_ADDED,"{""title"":""Check plans to confirm end treatments""}",2025-11-07T11:12:23.645Z
cmhorczhy0001ky04rwhp38ej,cmhbybvsq0000s9wnicnvj6md,cmhor8j8w0007jl04ysigbh9o,system,TASK_UPDATED,"{""changes"":[""title"",""description"",""priority"",""progress"",""startAt"",""dueAt""]}",2025-11-07T11:14:13.557Z
cmhore9zk0005ky04mnv2hieo,cmhbybvsq0000s9wnicnvj6md,cmhor8j8w0007jl04ysigbh9o,system,CHECKLIST_ADDED,"{""title"":""222 Lf of Tl-3 Standard w Beam connect to existing and a parallel end treatment""}",2025-11-07T11:15:13.808Z
cmhorfbh7000ljl04c8apf47u,cmhbybvsq0000s9wnicnvj6md,cmhor8j8w0007jl04ysigbh9o,system,CHECKLIST_ADDED,"{""title"":""232 Lf of Tl-3 Standard w beam connect to existing and a parallel end treatment""}",2025-11-07T11:16:02.396Z
cmhorfikx0007ky04mffnjs6c,cmhbybvsq0000s9wnicnvj6md,cmhor8j8w0007jl04ysigbh9o,system,CHECKLIST_UPDATED,"{""itemId"":""cmhore9xw0003ky045zlrcqve""}",2025-11-07T11:16:11.601Z
cmhorfil80009ky042ourywj0,cmhbybvsq0000s9wnicnvj6md,cmhor8j8w0007jl04ysigbh9o,system,CHECKLIST_UPDATED,"{""itemId"":""cmhore9xw0003ky045zlrcqve""}",2025-11-07T11:16:11.613Z
cmhorfjo4000bky04m46m3oe2,cmhbybvsq0000s9wnicnvj6md,cmhor8j8w0007jl04ysigbh9o,system,CHECKLIST_UPDATED,"{""itemId"":""cmhore9xw0003ky045zlrcqve""}",2025-11-07T11:16:13.012Z
cmhorfla6000njl04sov1cba3,cmhbybvsq0000s9wnicnvj6md,cmhor8j8w0007jl04ysigbh9o,system,CHECKLIST_UPDATED,"{""itemId"":""cmhore9xw0003ky045zlrcqve""}",2025-11-07T11:16:15.102Z
cmhorfop2000pjl04qbp98vlj,cmhbybvsq0000s9wnicnvj6md,cmhor8j8w0007jl04ysigbh9o,system,CHECKLIST_UPDATED,"{""itemId"":""cmhore9xw0003ky045zlrcqve""}",2025-11-07T11:16:19.526Z
cmhorgkjb000tjl044lt3wo8a,cmhbybvsq0000s9wnicnvj6md,cmhor8j8w0007jl04ysigbh9o,system,CHECKLIST_ADDED,"{""title"":""Needs Survey to be done""}",2025-11-07T11:17:00.791Z
cmhorhq5o000xjl044yf68m3o,cmhbybvsq0000s9wnicnvj6md,cmhor8j8w0007jl04ysigbh9o,system,CHECKLIST_ADDED,"{""title"":""Chris Gomez said he is calling for utility locates please confirm what you want to do""}",2025-11-07T11:17:54.732Z
cmhout7gr0003l704m9kjrggl,cmhbybvsq0000s9wnicnvj6md,cmhor8j8w0007jl04ysigbh9o,system,TASK_UPDATED,"{""changes"":[""title"",""description"",""priority"",""progress"",""startAt"",""dueAt""]}",2025-11-07T12:50:49.227Z
cmhouxa1m0005l704w48hl9oi,cmhbybvsq0000s9wnicnvj6md,cmhj7ueqx000fju04ehmi35ag,system,TASK_UPDATED,"{""changes"":[""title"",""description"",""priority"",""progress"",""startAt"",""dueAt""]}",2025-11-07T12:53:59.195Z
cmhouxcyf0007l704dzlktozd,cmhbybvsq0000s9wnicnvj6md,cmhj7ueqx000fju04ehmi35ag,system,CHECKLIST_UPDATED,"{""itemId"":""cmhj7utv0000lju043vwlwv42""}",2025-11-07T12:54:02.967Z
cmhouxpcq0001l704lnintmx7,cmhbybvsq0000s9wnicnvj6md,cmhjq1t7q0007l404x8r3a3cp,system,TASK_UPDATED,"{""changes"":[""title"",""description"",""priority"",""progress"",""startAt"",""dueAt""]}",2025-11-07T12:54:19.033Z
cmhsbrhfo0001kt04srjtit4d,cmhbybvsq0000s9wnicnvj6md,cmhor8j8w0007jl04ysigbh9o,system,TASK_UPDATED,"{""changes"":[""title"",""description"",""priority"",""progress"",""startAt"",""dueAt""]}",2025-11-09T23:08:40.836Z
cmhsbwpwn0003kt04gn6v1nxv,cmhbybvsq0000s9wnicnvj6md,cmhor8j8w0007jl04ysigbh9o,system,TASK_UPDATED,"{""changes"":[""title"",""description"",""priority"",""progress"",""startAt"",""dueAt""]}",2025-11-09T23:12:45.095Z
cmhsbxi6m0005kt04j1beykst,cmhbybvsq0000s9wnicnvj6md,cmhor8j8w0007jl04ysigbh9o,system,TASK_UPDATED,"{""changes"":[""title"",""description"",""priority"",""progress"",""startAt"",""dueAt""]}",2025-11-09T23:13:21.743Z
cmhsc7p020001l704l91heyll,cmhbybvsq0000s9wnicnvj6md,cmhor8j8w0007jl04ysigbh9o,system,TASK_UPDATED,"{""changes"":[""title"",""description"",""priority"",""progress"",""startAt"",""dueAt""]}",2025-11-09T23:21:17.139Z